symbol,year,close,ret,vol,maxdd,divs,div_yield,momentum,eps,price_date,return_basis,dividend_unit,source
1010,2015,5.5226,-0.235773,0.191972,-0.353083,0.525,7.265,-0.278348,,,,,
1010,2016,5.4709,-0.024294,0.183369,-0.260829,0.525,9.3631,0.118514,,,,,
1010,2017,6.3339,0.152748,0.153428,-0.115385,0.4875,8.8724,0.215625,,,,,
1010,2018,10.4877,0.663742,0.23263,-0.155211,0.5625,8.9234,0.531621,,,,,
1010,2019,13.158,0.258427,0.267678,-0.285945,0.69,6.5991,0.070909,,,,,
1010,2020,11.4997,-0.122372,0.320962,-0.450292,0.4125,3.1481,-0.091978,,,,,
1010,2021,16.0784,0.389896,0.225341,-0.128289,0.75,6.4834,0.323463,,,,,
1010,2022,19.3864,0.219244,0.356795,-0.291239,0.78,4.9055,-0.003788,1.74,,,,
1010,2023,18.1123,-0.062775,0.305734,-0.26375,0.975,5.0452,-0.078759,1.935,,,,
1010,2024,19.2245,0.052176,0.246584,-0.204323,1.1625,6.3625,0.010019,2.2575,,,,
1010,2025,19.3561,0.012154,0.261475,-0.178241,1.3125,6.8632,-0.017209,2.4675,,,,
1010,2026,20.9,0.061766,0.178076,-0.109172,1.0525,5.3469,0.052613,,,,,
1020,2015,5.8571,-0.416906,0.32121,-0.521362,0.0,0.0,-0.448639,,,,,
1020,2016,5.1308,-0.126691,0.309668,-0.406519,0.0,0.0,0.205433,,,,,
1020,2017,6.1561,0.204062,0.251814,-0.197708,0.2254,4.408,0.271454,,,,,
1020,2018,7.7466,0.260353,0.678382,-0.417788,0.2048,3.3321,0.194415,,,,,
1020,2019,8.5675,0.109084,0.176381,-0.254196,0.512,6.6279,-0.022689,,,,,
1020,2020,7.983,-0.068226,0.281673,-0.33724,0.192,2.241,-0.064494,,,,,
1020,2021,11.4892,0.454105,0.207325,-0.094716,0.224,2.835,0.451957,,,,,
1020,2022,11.7247,0.00488,0.34501,-0.406699,0.48,4.1139,-0.104743,0.8064,,,,
1020,2023,11.4912,-0.027055,0.195331,-0.215087,0.0,0.0,-0.039054,0.688,,,,
1020,2024,14.364,0.239395,0.24275,-0.130179,0.0,0.0,0.106771,1.01,,,,
1020,2025,10.7058,-0.257854,0.221534,-0.282113,0.0,0.0,-0.227411,1.0,,,,
1020,2026,12.0,0.103083,0.187024,-0.08612,0.5,4.5962,-0.038621,,,,,
1030,2015,5.995,-0.259447,0.571542,-0.398508,0.3842,4.7461,-0.319633,,,,,
1030,2016,5.9903,-0.003096,0.246723,-0.382246,0.3901,6.492,0.141584,,,,,
1030,2017,6.5767,0.101501,0.192492,-0.156352,0.3001,5.0258,0.244819,,,,,
1030,2018,7.7624,0.181854,0.178487,-0.135699,0.3601,5.4825,0.158681,,,,,
1030,2019,8.1795,0.052509,0.20821,-0.301306,0.0,0.0,-0.108696,,,,,
1030,2020,7.2546,-0.112098,0.260945,-0.356589,0.0,0.0,-0.073001,,,,,
1030,2021,9.0738,0.255474,0.173709,-0.146211,0.2401,3.3215,0.253901,,,,,
1030,2022,11.2267,0.228483,0.282798,-0.268764,0.6611,7.2336,0.103059,1.096,,,,
1030,2023,10.8601,-0.033768,0.196982,-0.183583,0.68,6.05,-0.041497,1.28,,,,
1030,2024,13.0382,0.199053,0.182907,-0.1116,0.72,6.6214,0.181311,1.43,,,,
1030,2025,12.4721,-0.046048,0.188436,-0.131376,0.8,6.1189,-0.082641,1.68,,,,
1030,2026,14.67,0.169984,0.179841,-0.134308,0.7,5.5827,0.081498,,,,,
1050,2015,8.2563,-0.09484,0.287355,-0.390107,0.4821,5.2859,-0.184587,,,,,
1050,2016,8.0542,-0.027595,0.373255,-0.320062,0.5304,6.4031,0.159866,,,,,
1050,2017,9.2639,0.159067,0.279645,-0.212121,0.7473,9.3503,0.210477,,,,,
1050,2018,10.5756,0.127747,0.276216,-0.194892,0.6027,6.4268,0.073779,,,,,
1050,2019,13.3388,0.273445,0.293327,-0.314806,0.8679,8.2854,0.101645,,,,,
1050,2020,11.5044,-0.128326,0.38492,-0.419898,0.4821,3.6532,-0.109325,,,,,
1050,2021,17.7034,0.538846,0.314088,-0.190131,0.5062,4.4005,0.445097,,,,,
1050,2022,15.7047,-0.124025,0.363204,-0.331657,0.7714,4.3029,-0.160012,1.3452,,,,
1050,2023,16.2367,0.028806,0.270807,-0.245333,0.892,5.6518,0.044161,1.61,,,,
1050,2024,14.1267,-0.148057,0.227555,-0.242463,0.9643,5.8154,-0.161401,1.72,,,,
1050,2025,15.9185,0.121177,0.244553,-0.140957,1.05,7.3954,0.115571,1.97,,,,
1050,2026,21.91,0.35782,0.226345,-0.084453,1.09,6.755,0.259567,,,,,
1060,2015,15.7231,-0.351859,6.609086,-0.875567,1.1,4.5344,-0.307868,,,,,
1060,2016,16.4476,0.050323,0.312472,-0.298384,0.7,4.4701,0.29323,,,,,
1060,2017,18.5603,0.119498,0.280178,-0.186508,1.06,6.3936,0.270782,,,,,
1060,2018,23.6235,0.270443,0.288484,-0.137109,1.67,8.981,0.203695,,,,,
1060,2019,26.1786,0.108159,0.294647,-0.286068,1.6,6.7729,-0.018144,,,,,
1060,2020,19.2146,-0.256377,0.396796,-0.480791,0.6,2.3221,-0.204091,,,,,
1060,2021,26.0577,0.351767,0.237739,-0.170977,0.5,2.5938,0.250888,,,,,
1060,2022,31.4206,0.184277,0.324895,-0.221906,0.91,3.4299,-0.017489,2.35,,,,
1060,2023,31.9799,0.017802,0.28836,-0.253367,1.62,5.1559,0.124635,3.41,,,,
1060,2024,29.9045,-0.064897,0.247684,-0.229634,1.98,6.1914,-0.059937,3.78,,,,
1060,2025,30.5729,0.025397,0.220078,-0.151173,2.0,6.7079,-0.044387,3.81,,,,
1060,2026,34.1,0.108521,0.186024,-0.138803,2.0,6.5016,0.11125,,,,,
1080,2015,7.0307,-0.20471,0.264826,-0.387603,0.5,5.6558,-0.280227,,,,,
1080,2016,6.965,-0.011439,0.259757,-0.359555,0.5,7.0966,0.176503,,,,,
1080,2017,8.1641,0.169515,0.207596,-0.122089,0.5,7.1625,0.278977,,,,,
1080,2018,10.976,0.342249,0.33628,-0.197183,0.65,7.9488,0.263293,,,,,
1080,2019,14.9237,0.357542,0.240876,-0.209205,1.0125,9.2102,0.213244,,,,,
1080,2020,11.2605,-0.235701,0.350146,-0.427549,0.375,2.5453,-0.216883,,,,,
1080,2021,13.2618,0.175389,0.175588,-0.113036,0.5625,4.9854,0.163831,,,,,
1080,2022,19.1697,0.421853,0.33427,-0.210155,0.7125,5.2847,0.212619,1.5375,,,,
1080,2023,15.8496,-0.177051,0.259034,-0.293865,0.9375,4.8677,-0.056976,2.04,,,,
1080,2024,18.693,0.177073,0.222238,-0.178021,1.175,7.3988,0.156543,2.48,,,,
1080,2025,20.3692,0.070377,0.252994,-0.184129,1.3,6.8313,0.079431,2.49,,,,
1080,2026,22.32,0.097294,0.178831,-0.105851,1.3,6.3911,-0.060643,,,,,
1111,2021,117.0299,-0.009449,0.199472,-0.037795,0.0,0.0,,,,,,
1111,2022,170.9828,0.454083,0.431958,-0.382401,3.0,2.5513,0.147291,3.54,,,,
1111,2023,178.9072,0.033781,0.291992,-0.264865,2.31,1.3348,0.106242,3.25,,,,
1111,2024,209.4843,0.140386,0.303526,-0.228459,2.3,1.2521,0.013559,5.18,,,,
1111,2025,138.0853,-0.340832,0.272229,-0.343256,3.35,1.5992,-0.329073,3.3,,,,
1111,2026,130.0,-0.061896,0.326825,-0.277553,2.3,1.6597,-0.363752,,,,,
1120,2015,10.0658,0.026756,0.284861,-0.302296,0.3385,3.4533,-0.128941,,,,,
1120,2016,12.5658,0.222779,0.22364,-0.194762,0.474,4.6121,0.286143,,,,,
1120,2017,13.496,0.078305,0.176767,-0.100865,0.8125,6.4917,0.025206,,,,,
1120,2018,19.3254,0.423126,0.201618,-0.095875,1.2188,8.9749,0.274148,,,,,
1120,2019,23.4359,0.225299,0.211187,-0.237508,1.5625,8.1692,0.058991,,,,,
1120,2020,27.1138,0.162266,0.241019,-0.231928,0.625,2.6791,0.153408,,,,,
1120,2021,53.4641,0.996251,0.231721,-0.115127,1.0,3.7338,0.988047,,,,,
1120,2022,45.3653,-0.159776,0.276572,-0.371678,0.0,0.0,-0.185927,2.8267,,,,
1120,2023,53.9085,0.1836,0.184441,-0.201936,1.6,3.5129,0.119822,2.6333,,,,
1120,2024,60.6218,0.120643,0.220841,-0.145138,1.6,2.9577,0.06308,3.1133,,,,
1120,2025,63.9379,0.048055,0.221862,-0.131818,1.4733,2.4151,0.044763,3.9,,,,
1120,2026,67.45,0.05277,0.185801,-0.132496,1.1667,1.8209,-0.023213,,,,,
1140,2015,6.763,-0.305857,0.352269,-0.473943,0.1333,1.3685,-0.370494,,,,,
1140,2016,6.8097,-0.005219,0.332926,-0.295943,0.0,0.0,0.297382,,,,,
1140,2017,7.0567,0.048975,0.174601,-0.139706,0.32,4.7568,0.09739,,,,,
1140,2018,9.5456,0.308027,0.24677,-0.154286,0.16,2.1925,0.324268,,,,,
1140,2019,11.9435,0.260454,0.259828,-0.21918,0.2,2.1107,0.175699,,,,,
1140,2020,12.8695,0.07954,0.322522,-0.35,0.25,2.0971,0.077533,,,,,
1140,2021,21.0406,0.643617,0.247052,-0.091008,0.0,0.0,0.67027,,,,,
1140,2022,26.9041,0.239888,0.375232,-0.296099,0.0,0.0,0.058333,1.3933,,,,
1140,2023,27.846,0.044411,0.283853,-0.214758,0.3333,1.2502,0.020095,1.5917,,,,
1140,2024,30.6487,0.101862,0.227859,-0.209563,0.75,2.6963,0.052041,1.88,,,,
1140,2025,23.7797,-0.227089,0.263934,-0.29759,0.45,1.4626,-0.244436,1.99,,,,
1140,2026,26.12,0.094006,0.183312,-0.11243,1.05,4.3978,-0.058611,,,,,
1150,2015,5.277,-0.265607,0.308672,-0.442191,0.25,3.4792,-0.356427,,,,,
1150,2016,5.601,0.050722,0.258466,-0.248094,0.25,4.6899,0.183153,,,,,
1150,2017,7.352,0.316989,0.206255,-0.069537,0.25,4.4783,0.386062,,,,,
1150,2018,9.1593,0.252352,0.185536,-0.157487,0.4,5.4692,0.189922,,,,,
1150,2019,10.5253,0.142177,0.204788,-0.296428,0.5,5.4259,0.099381,,,,,
1150,2020,8.9572,-0.147299,0.278642,-0.28632,0.0,0.0,-0.162201,,,,,
1150,2021,13.6968,0.53674,0.17859,-0.127907,0.4333,4.8619,0.514168,,,,,
1150,2022,19.0134,0.341146,0.312307,-0.272474,0.5667,3.9971,0.189997,1.1533,,,,
1150,2023,23.5117,0.234688,0.277401,-0.226238,0.9,4.7262,0.219722,1.5583,,,,
1150,2024,22.6047,-0.068696,0.210815,-0.223026,0.6667,2.7466,-0.141824,1.85,,,,
1150,2025,19.8935,-0.136349,0.198097,-0.188926,1.0,4.3414,-0.147903,1.975,,,,
1150,2026,25.72,0.280803,0.196916,-0.083794,0.5,2.4899,0.188247,,,,,
1180,2015,16.2978,-0.066484,0.285434,-0.307332,0.725,4.1527,-0.173488,,,,,
1180,2016,14.0765,-0.14334,0.311115,-0.344434,0.675,4.1079,0.201144,,,,,
1180,2017,19.1385,0.356423,0.251771,-0.171428,1.05,7.4418,0.39229,,,,,
1180,2018,25.818,0.351458,0.247137,-0.204572,1.2,6.2815,0.304039,,,,,
1180,2019,27.6319,0.068024,0.237079,-0.340696,1.65,6.3776,-0.049874,,,,,
1180,2020,25.1929,-0.077023,0.298343,-0.375,0.9,3.2973,-0.019589,,,,,
1180,2021,38.3945,0.53464,0.2264,-0.137143,1.0875,4.3468,0.53286,,,,,
1180,2022,30.9757,-0.198204,0.271887,-0.418911,1.5,3.8827,-0.273337,3.03,,,,
1180,2023,32.8468,0.056221,0.228476,-0.219351,1.45,4.6626,0.111005,3.23,,,,
1180,2024,29.8445,-0.094916,0.242505,-0.230085,1.8,5.4588,-0.184268,3.44,,,,
1180,2025,35.8151,0.200059,0.2332,-0.121045,2.0,6.7014,0.161796,4.04,,,,
1180,2026,43.3,0.203268,0.233591,-0.148326,2.3,6.3915,0.186435,,,,,
1182,2020,16.3772,0.168037,0.232971,-0.098214,0.6667,4.7547,,,,,,
1182,2021,16.3771,0.007353,0.181186,-0.181287,0.7111,4.374,0.020497,,,,,
1182,2022,12.0371,-0.267079,0.205425,-0.341369,0.7556,4.6005,-0.276624,0.9511,,,,
1182,2023,11.5713,-0.041266,0.159641,-0.262077,0.7111,5.8919,-0.055142,0.31,,,,
1182,2024,12.1816,0.05582,0.247521,-0.239987,0.0,0.0,0.051203,0.45,,,,
1182,2025,10.0626,-0.186636,0.268472,-0.260492,0.0,0.0,-0.187883,0.64,,,,
1182,2026,8.75,-0.174117,0.200786,-0.23931,0.5,4.7193,-0.245815,,,,,
1183,2022,19.3251,-0.079862,0.170409,-0.133505,0.774,3.6853,,0.96,,,,
1183,2023,17.6721,-0.080147,0.13535,-0.157295,0.5,2.6026,-0.066391,0.02,,,,
1183,2024,17.5947,-0.006557,0.219686,-0.215897,0.0,0.0,0.050867,0.27,,,,
1183,2025,15.9881,-0.100218,0.380411,-0.332216,0.0,0.0,-0.081201,0.51,,,,
1183,2026,14.46,-0.139837,0.284579,-0.234312,0.5,2.9743,-0.275059,,,,,
1201,2015,54.6345,-0.207249,0.474732,-0.58463,0.0,0.0,-0.308279,,,,,
1201,2016,27.8111,-0.492871,0.680442,-0.610331,0.0,0.0,0.078408,,,,,
1201,2017,20.6947,-0.271942,0.236172,-0.368345,0.0,0.0,-0.224521,,,,,
1201,2018,19.7131,-0.043651,0.269604,-0.229452,0.0,0.0,0.039914,,,,,
1201,2019,16.3595,-0.16318,0.205444,-0.326733,0.0,0.0,-0.176107,,,,,
1201,2020,28.629,0.732673,0.413856,-0.318594,0.0,0.0,0.656805,,,,,
1201,2021,36.5634,0.305109,0.332608,-0.366534,0.0,0.0,0.32838,,,,,
1201,2022,18.4044,-0.496081,0.298722,-0.530127,0.0,0.0,-0.502212,-2.3767,,,,
1201,2023,15.28,-0.205092,0.371317,-0.411372,0.0,0.0,-0.255764,-4.09,,,,
1201,2024,10.48,-0.346633,0.471203,-0.50439,0.0,0.0,-0.476,-1.05,,,,
1201,2025,6.09,-0.42,0.28178,-0.47482,0.0,0.0,-0.452338,-2.64,,,,
1201,2026,4.77,-0.226904,0.319619,-0.353303,0.0,0.0,-0.384516,,,,,
1202,2015,15.8346,0.056338,0.479927,-0.044944,0.0,0.0,,,,,,
1202,2016,10.5533,-0.335098,0.465799,-0.503834,0.375,2.3627,0.121775,,,,,
1202,2017,12.8917,0.178846,0.286833,-0.176079,0.5625,5.1436,0.182293,,,,,
1202,2018,14.0299,0.070561,0.295424,-0.287091,0.9375,7.1536,-0.043412,,,,,
1202,2019,10.2958,-0.263206,0.221115,-0.424377,0.375,2.6836,-0.295763,,,,,
1202,2020,13.9101,0.356741,0.380548,-0.318528,0.0,0.0,0.262745,,,,,
1202,2021,31.3913,1.311771,0.321041,-0.089139,0.0,0.0,1.319149,,,,,
1202,2022,32.2848,0.021435,0.332798,-0.453695,1.125,3.5593,-0.098674,4.05,,,,
1202,2023,34.5,0.068614,0.285084,-0.277556,0.5,1.5487,0.066985,-1.2,,,,
1202,2024,36.7,0.069971,0.325665,-0.275468,0.0,0.0,-0.0825,-0.89,,,,
1202,2025,21.26,-0.421497,0.321477,-0.468645,0.0,0.0,-0.440526,0.27,,,,
1202,2026,19.01,-0.137086,0.291638,-0.278711,0.0,0.0,-0.323006,,,,,
1210,2015,16.8063,-0.311332,0.350946,-0.48521,2.0,8.1954,-0.433075,,,,,
1210,2016,21.3688,0.254845,0.362114,-0.284866,1.0,5.8723,0.552758,,,,,
1210,2017,18.1907,-0.161672,0.200177,-0.286965,1.0,4.6085,-0.167999,,,,,
1210,2018,19.7886,0.107713,0.226568,-0.182342,1.0,5.5977,0.097163,,,,,
1210,2019,21.472,0.092981,0.205258,-0.180851,0.0,0.0,0.052678,,,,,
1210,2020,31.355,0.460279,0.378965,-0.239684,1.0,4.6572,0.401821,,,,,
1210,2021,37.6543,0.230415,0.299497,-0.265657,0.0,0.0,0.172767,,,,,
1210,2022,31.6841,-0.175031,0.279053,-0.281737,0.0,0.0,-0.199525,1.47,,,,
1210,2023,32.0185,0.003112,0.216528,-0.255696,1.0,3.1329,-0.05663,0.2,,,,
1210,2024,29.7521,-0.085926,0.230116,-0.225275,0.0,0.0,-0.081845,0.31,,,,
1210,2025,25.58,-0.14851,0.201002,-0.212082,1.0,3.3287,-0.165915,0.63,,,,
1210,2026,25.02,-0.026459,0.184145,-0.152663,0.0,0.0,-0.109609,,,,,
1211,2015,11.0567,0.033333,0.422257,-0.41957,,,0.154754,,2015-12-31,total return from auto-adjusted Close,cash per share in listing currency,Yahoo Finance
1211,2016,13.0,0.152823,0.350082,-0.278607,,,0.11896,,2016-12-29,total return from auto-adjusted Close,cash per share in listing currency,Yahoo Finance
1211,2017,17.3667,0.329082,0.253898,-0.116822,,,0.365915,,2017-12-31,total return from auto-adjusted Close,cash per share in listing currency,Yahoo Finance
1211,2018,16.4333,-0.048263,0.269435,-0.310924,,,-0.100753,,2018-12-31,total return from auto-adjusted Close,cash per share in listing currency,Yahoo Finance
1211,2019,14.8,-0.091095,0.287083,-0.321186,,,-0.198113,,2019-12-31,total return from auto-adjusted Close,cash per share in listing currency,Yahoo Finance
1211,2020,13.5,-0.08059,0.383134,-0.395901,,,-0.054237,,2020-12-31,total return from auto-adjusted Close,cash per share in listing currency,Yahoo Finance
1211,2021,26.1667,0.9625,0.294258,-0.206081,,,0.75122,,2021-12-30,total return from auto-adjusted Close,cash per share in listing currency,Yahoo Finance
1211,2022,43.1333,0.642132,0.484371,-0.386945,,,0.791123,2.52,2022-12-29,total return from auto-adjusted Close,cash per share in listing currency,Yahoo Finance
1211,2023,48.55,0.093468,0.678845,-0.45648,,,-0.031199,0.43,2023-12-31,total return from auto-adjusted Close,cash per share in listing currency,Yahoo Finance
1211,2024,50.3,0.01004,0.290298,-0.289091,,,0.172414,0.78,2024-12-31,total return from auto-adjusted Close,cash per share in listing currency,Yahoo Finance
1211,2025,60.95,0.21173,0.324269,-0.207753,,,0.207623,1.91,2025-12-31,total return from auto-adjusted Close,cash per share in listing currency,Yahoo Finance
1211,2026,66.7,0.096138,0.355186,-0.293711,,,0.144981,,2026-09-08,total return from auto-adjusted Close,cash per share in listing currency,Yahoo Finance
1212,2015,16.064,-0.312464,0.336524,-0.465909,0.75,3.21,-0.424641,,,,,
1212,2016,13.921,-0.15183,0.37096,-0.401583,0.0,0.0,0.243655,,,,,
1212,2017,13.3742,-0.039284,0.221519,-0.175155,0.5,3.5917,-0.044854,,,,,
1212,2018,14.088,0.057346,0.253455,-0.229952,0.5,3.7526,0.085997,,,,,
1212,2019,13.2118,-0.049444,0.154545,-0.168246,0.0,0.0,-0.052956,,,,,
1212,2020,22.0769,0.647436,0.401849,-0.223256,0.0,0.0,0.524318,,,,,
1212,2021,35.0689,0.632961,0.341705,-0.308151,0.75,3.4923,0.579266,,,,,
1212,2022,47.019,0.364767,0.376952,-0.209193,1.5,4.3539,0.288946,5.93,,,,
1212,2023,125.3403,1.600351,0.407882,-0.140816,2.5,5.1866,1.528781,5.94,,,,
1212,2024,172.1739,0.379866,0.368211,-0.282723,2.5,2.0036,0.39672,7.37,,,,
1212,2025,138.2391,-0.200649,0.366644,-0.352432,3.0,1.7347,-0.247278,8.34,,,,
1212,2026,136.1,-0.007065,0.240345,-0.197166,3.5,2.5535,0.007273,,,,,
1213,2015,146.8085,-0.024169,0.341239,-0.391503,0.0,0.0,-0.143236,,,,,
1213,2016,94.0847,-0.359133,0.43133,-0.566563,0.0,0.0,0.137363,,,,,
1213,2017,72.268,-0.242857,0.361389,-0.511189,0.0,0.0,-0.348361,,,,,
1213,2018,80.722,0.116981,0.44078,-0.564732,0.0,0.0,0.237458,,,,,
1213,2019,49.1416,-0.403319,0.414179,-0.494599,0.0,0.0,-0.361001,,,,,
1213,2020,98.4309,0.898715,0.59187,-0.577496,0.0,0.0,0.646827,,,,,
1213,2021,28.4356,-0.69958,0.735688,-0.801178,0.0,0.0,-0.72233,,,,,
1213,2022,21.1431,-0.248574,0.425062,-0.470289,0.0,0.0,-0.247244,-0.09,,,,
1213,2023,61.7,1.914676,1.14496,-0.253479,0.0,0.0,1.539976,-1.46,,,,
1213,2024,97.3,0.64081,0.350046,-0.245634,0.0,0.0,0.525078,-3.91,,,,
1213,2025,35.3,-0.646647,0.454786,-0.687611,0.0,0.0,-0.678506,-3.12,,,,
1213,2026,17.68,-0.486643,0.980317,-0.555175,0.0,0.0,-0.803118,,,,,
1214,2015,24.8517,-0.184384,0.362803,-0.472828,0.0,0.0,-0.333647,,,,,
1214,2016,15.5532,-0.371049,0.435797,-0.588361,0.7091,2.8675,-0.020782,,,,,
1214,2017,10.864,-0.327586,0.23793,-0.430682,0.0,0.0,-0.286585,,,,,
1214,2018,7.902,-0.258711,0.262242,-0.352991,0.0,0.0,-0.184866,,,,,
1214,2019,10.1026,0.271028,0.227428,-0.164488,0.0,0.0,0.263647,,,,,
1214,2020,14.9682,0.481618,0.517121,-0.466423,0.0,0.0,0.24,,,,,
1214,2021,20.5767,0.406091,0.385128,-0.404458,0.0,0.0,0.402532,,,,,
1214,2022,13.5995,-0.340868,0.432502,-0.49061,0.0,0.0,-0.352523,0.4925,,,,
1214,2023,19.88,0.448187,0.343602,-0.328196,0.0,0.0,0.480403,0.9833,,,,
1214,2024,22.1384,0.121629,0.346921,-0.282693,0.0,0.0,0.027235,1.225,,,,
1214,2025,17.7333,-0.194512,0.339587,-0.345894,0.4167,1.8926,-0.248956,1.2275,,,,
1214,2026,12.12,-0.326667,0.31317,-0.397333,0.0,0.0,-0.470742,,,,,
1301,2015,24.19,-0.334885,0.32126,-0.45345,2.0312,5.585,-0.422444,,,,,
1301,2016,30.5433,0.22692,0.482178,-0.388513,2.5781,10.3563,0.852665,,,,,
1301,2017,19.3731,-0.370596,0.246424,-0.453348,1.0156,3.2996,-0.33747,,,,,
1301,2018,17.791,-0.086263,0.20779,-0.276243,0.7812,4.0125,-0.045652,,,,,
1301,2019,22.145,0.250021,0.207961,-0.196512,0.3906,2.205,0.110082,,,,,
1301,2020,36.5582,0.567769,0.510507,-0.386047,1.25,5.3605,0.474219,,,,,
1301,2021,32.8169,-0.078507,0.266213,-0.296956,2.1875,6.1425,-0.112539,,,,,
1301,2022,27.6275,-0.16234,0.264731,-0.286585,1.8125,5.4955,-0.190667,2.0125,,,,
1301,2023,28.5591,0.021796,0.265854,-0.351126,1.0,3.5778,0.006051,0.63,,,,
1301,2024,28.3217,-0.006649,0.291334,-0.315232,0.75,2.6305,-0.055684,0.58,,,,
1301,2025,18.7,-0.345383,0.276673,-0.394015,0.5,1.7503,-0.35094,0.18,,,,
1301,2026,18.62,-0.023085,0.288177,-0.235669,0.0,0.0,-0.255358,,,,,
1302,2015,17.7413,-0.402054,0.334133,-0.526657,1.25,4.2129,-0.509647,,,,,
1302,2016,17.8891,0.00232,0.438389,-0.390379,1.15,6.4434,0.5665,,,,,
1302,2017,14.3844,-0.247631,0.216725,-0.330082,0.65,3.3998,-0.188721,,,,,
1302,2018,11.1125,-0.222133,0.194848,-0.311087,0.4,2.8,-0.175708,,,,,
1302,2019,13.4793,0.218513,0.233877,-0.14974,0.0,0.0,0.165457,,,,,
1302,2020,21.243,0.545178,0.370693,-0.404455,0.4,2.9095,0.537668,,,,,
1302,2021,31.1435,0.53658,0.271305,-0.2313,1.35,6.6607,0.314691,,,,,
1302,2022,27.2294,-0.162707,0.317263,-0.300366,1.6,4.9199,-0.174722,2.71,,,,
1302,2023,44.1412,0.575459,0.273535,-0.179331,1.3,4.6399,0.520092,2.27,,,,
1302,2024,56.0,0.232178,0.329903,-0.27173,1.45,3.1905,0.152406,1.77,,,,
1302,2025,50.3,-0.095324,0.336855,-0.280449,0.0,0.0,-0.115993,3.64,,,,
1302,2026,37.76,-0.259608,0.367146,-0.348235,0.0,0.0,-0.358913,,,,,
1303,2015,1.0377,-0.005282,0.115065,-0.020246,0.0,0.0,,,,,,
1303,2016,0.7393,-0.303834,0.447512,-0.563275,0.0,0.0,0.131148,,,,,
1303,2017,0.6692,-0.100288,0.245654,-0.264188,0.036,4.8397,-0.135849,,,,,
1303,2018,0.5608,-0.162114,0.240251,-0.323097,0.04,5.9768,-0.133222,,,,,
1303,2019,0.5208,-0.068966,0.228833,-0.304866,0.0,0.0,-0.1082,,,,,
1303,2020,0.8548,0.602244,0.481727,-0.33218,0.0,0.0,0.537081,,,,,
1303,2021,0.9337,0.141163,0.312894,-0.303641,0.02,2.4444,0.162908,,,,,
1303,2022,0.8226,-0.120579,0.291481,-0.261399,0.04,4.2764,-0.155695,0.08,,,,
1303,2023,2.5725,2.082686,0.365053,-0.136723,0.075,8.9876,1.778496,0.18,,,,
1303,2024,6.7786,1.598468,0.410248,-0.175786,0.175,6.7083,1.233906,0.36,,,,
1303,2025,10.8602,0.59772,0.411666,-0.288874,0.25,3.6779,0.611035,0.57,,,,
1303,2026,15.55,0.431831,0.401771,-0.301729,0.5,4.604,0.463185,,,,,
1304,2016,24.7505,-0.265152,0.403709,-0.491628,0.0,0.0,,,,,,
1304,2017,21.9627,-0.112638,0.203981,-0.300248,1.0,4.0403,-0.127628,,,,,
1304,2018,13.0972,-0.396877,0.200129,-0.454403,0.5,2.3025,-0.366956,,,,,
1304,2019,17.0012,0.303448,0.298591,-0.242943,0.0,0.0,0.29275,,,,,
1304,2020,26.6712,0.557248,0.435101,-0.410188,0.0,0.0,0.440719,,,,,
1304,2021,40.8643,0.561106,0.318563,-0.276965,1.75,6.6854,0.32831,,,,,
1304,2022,22.0691,-0.467476,0.302199,-0.508349,1.0555,2.5468,-0.480759,-0.52,,,,
1304,2023,24.3746,0.096631,0.324778,-0.295205,0.0,0.0,0.012275,-2.56,,,,
1304,2024,32.9559,0.335329,0.354934,-0.292005,0.0,0.0,0.159445,1.39,,,,
1304,2025,32.08,-0.046531,0.345076,-0.300136,0.5,1.4861,-0.17253,1.17,,,,
1304,2026,37.96,0.171605,0.307493,-0.187907,0.0,0.0,0.032083,,,,,
1320,2015,19.8047,-0.08802,0.339075,-0.392027,1.0,4.6049,-0.195504,,,,,
1320,2016,17.3462,-0.134091,0.418496,-0.422727,0.0,0.0,0.231416,,,,,
1320,2017,14.66,-0.161458,0.239034,-0.29,0.0,0.0,-0.154856,,,,,
1320,2018,16.4629,0.114673,0.375348,-0.253333,0.0,0.0,0.154534,,,,,
1320,2019,18.8304,0.154018,0.35015,-0.326866,0.0,0.0,-0.190607,,,,,
1320,2020,25.3591,0.32619,0.409232,-0.407008,0.0,0.0,0.301402,,,,,
1320,2021,22.9461,-0.066667,0.31502,-0.298426,0.0,0.0,-0.066667,,,,,
1320,2022,16.299,-0.29666,0.257929,-0.385263,0.0,0.0,-0.345521,1.072,,,,
1320,2023,33.0533,1.003311,0.342819,-0.2,0.0,0.0,0.875,3.424,,,,
1320,2024,59.9496,0.816226,0.479298,-0.298532,0.74,2.2419,0.737155,3.574,,,,
1320,2025,36.6514,-0.390503,0.328914,-0.489054,3.95,6.5687,-0.41642,3.79,,,,
1320,2026,53.7,0.443416,0.368055,-0.223213,0.75,2.0159,0.043573,,,,,
1321,2022,34.0269,-0.301498,0.312817,-0.394924,0.0,0.0,,,,,,
1321,2023,75.4679,1.197275,0.343279,-0.110364,1.0,2.9115,0.824198,3.17,,,,
1321,2024,131.3675,0.734323,0.439252,-0.209669,1.5,1.9803,0.5607,8.49,,,,
1321,2025,135.6237,0.041299,0.364004,-0.371429,6.0,4.6067,-0.068917,12.13,,,,
1321,2026,196.7,0.454544,0.40165,-0.189427,4.0,2.9579,0.605451,18.2,,,,
1810,2015,54.8667,-0.193326,0.378212,-0.442756,0.0,0.0,-0.27927,,,,,
1810,2016,27.8507,-0.499796,0.469943,-0.660624,0.0,0.0,-0.170059,,,,,
1810,2017,20.7712,-0.305305,0.316537,-0.413772,0.3571,1.1945,-0.256224,,,,,
1810,2018,15.6384,-0.244309,0.260804,-0.331525,0.3571,1.7258,-0.235786,,,,,
1810,2019,23.9737,0.537613,0.278637,-0.216763,0.0,0.0,0.391107,,,,,
1810,2020,20.7772,-0.141177,0.403431,-0.466667,0.0,0.0,-0.172624,,,,,
1810,2021,18.8944,-0.101042,0.241318,-0.279031,0.0,0.0,-0.047461,,,,,
1810,2022,19.0695,-0.005708,0.307775,-0.324373,0.0,0.0,-0.087958,-0.16,,,,
1810,2023,29.5567,0.534091,0.266656,-0.243299,0.0,0.0,0.467391,0.761,,,,
1810,2024,24.5868,-0.17578,0.293814,-0.369165,0.0,0.0,-0.241216,-0.676,,,,
1810,2025,29.3377,0.192171,0.264263,-0.179568,0.0,0.0,0.100164,0.168,,,,
1810,2026,21.79,-0.25337,0.298745,-0.323195,0.0,0.0,-0.325249,,,,,
1820,2015,15.0132,-0.057437,0.11332,-0.057437,0.0,0.0,,,,,,
1820,2016,9.134,-0.395818,0.490958,-0.667148,0.4614,3.0522,-0.033337,,,,,
1820,2017,5.9889,-0.354443,0.315545,-0.44502,0.1579,1.7016,-0.299432,,,,,
1820,2018,4.1966,-0.294118,0.254647,-0.352124,0.0,0.0,-0.242105,,,,,
1820,2019,3.842,-0.090805,0.236835,-0.30205,0.0,0.0,-0.116201,,,,,
1820,2020,5.1437,0.32375,0.538597,-0.520078,0.0,0.0,0.115912,,,,,
1820,2021,3.5657,-0.369317,0.345504,-0.421647,0.0,0.0,-0.335643,,,,,
1820,2022,1.79,-0.493896,0.369777,-0.547933,0.0,0.0,-0.520739,-0.26,,,,
1820,2023,2.28,0.259669,0.356773,-0.301075,0.0,0.0,0.048758,-0.29,,,,
1820,2024,2.47,0.04661,0.355133,-0.28012,0.0,0.0,-0.127208,0.02,,,,
1820,2025,1.76,-0.287449,0.350073,-0.357143,0.0,0.0,-0.304348,-0.64,,,,
1820,2026,2.06,0.144444,0.368693,-0.209524,0.0,0.0,-0.112069,,,,,
1830,2018,49.4711,0.175148,0.321188,-0.198516,0.96,2.2804,,,,,,
1830,2019,70.0932,0.404906,0.256713,-0.203488,1.9416,3.8916,0.388515,,,,,
1830,2020,66.8089,-0.040943,0.425656,-0.447059,0.0,0.0,-0.010243,,,,,
1830,2021,95.3667,0.44806,0.264442,-0.128906,1.23,1.8676,0.501254,,,,,
1830,2022,75.2659,-0.203466,0.346846,-0.446775,2.411,2.5515,-0.226388,4.86,,,,
1830,2023,187.4854,1.430218,0.378374,-0.163955,3.45,4.472,1.458775,6.8,,,,
1830,2024,175.5492,-0.063665,0.33574,-0.260217,5.39,2.8749,-0.00496,8.73,,,,
1830,2025,96.797,-0.446215,0.312522,-0.479084,3.78,2.1626,-0.435201,5.85,,,,
1830,2026,78.5,-0.208901,0.321869,-0.316112,2.28,2.2977,-0.431497,,,,,
1831,2019,4.2019,0.060521,0.257739,-0.186344,0.1761,4.4456,,,,,,
1831,2020,4.0014,-0.048831,0.347769,-0.37587,0.3595,8.5465,0.053866,,,,,
1831,2021,4.2336,0.080938,0.195231,-0.153494,0.2474,6.3164,0.0442,,,,,
1831,2022,3.0003,-0.28945,0.250903,-0.402679,0.2144,5.0777,-0.307716,0.1995,,,,
1831,2023,5.7446,0.910966,0.341815,-0.196676,0.1451,4.828,0.832822,0.1742,,,,
1831,2024,4.551,-0.211729,0.360845,-0.290467,0.1148,1.9882,-0.104085,0.3087,,,,
1831,2025,4.9021,0.065029,0.320357,-0.350969,0.1187,2.5799,-0.006717,0.4829,,,,
1831,2026,4.68,-0.045302,0.311816,-0.175,0.1829,3.7313,0.275572,,,,,
1832,2020,3.6031,-0.025439,0.147932,-0.025439,0.0,0.0,,,,,,
1832,2021,10.24,1.819157,0.533205,-0.257971,0.0081,0.2235,0.81463,,,,,
1832,2022,3.23,-0.649675,0.427634,-0.654013,0.0,0.0,-0.604167,-0.041,,,,
1832,2023,3.21,-0.034586,0.324237,-0.436105,0.0,0.0,-0.10084,-0.024,,,,
1832,2024,3.23,-0.021212,0.31414,-0.263789,0.0,0.0,-0.084986,-0.02,,,,
1832,2025,2.57,-0.204334,0.246011,-0.274052,0.0,0.0,-0.239645,-0.02,,,,
1832,2026,2.5,-0.038462,0.244399,-0.170732,0.0,0.0,-0.14966,,,,,
2001,2015,12.7838,-0.404167,0.363237,-0.521739,0.0,0.0,-0.489286,,,,,
2001,2016,14.3036,0.114206,0.405363,-0.318182,0.0,0.0,0.584158,,,,,
2001,2017,17.8437,0.2475,0.286743,-0.243902,0.0,0.0,0.405634,,,,,
2001,2018,16.5743,-0.07485,0.288922,-0.29549,0.0,0.0,-0.082178,,,,,
2001,2019,14.9294,-0.098272,0.173867,-0.302326,0.0,0.0,-0.152284,,,,,
2001,2020,23.0645,0.533888,0.454292,-0.356512,0.0,0.0,0.49133,,,,,
2001,2021,36.0,0.605646,0.310245,-0.163112,0.0,0.0,0.577962,,,,,
2001,2022,25.3,-0.301105,0.36336,-0.493744,0.0,0.0,-0.325333,13.759,,,,
2001,2023,20.2,-0.220077,0.206014,-0.333578,0.0,0.0,-0.255985,-11.8705,,,,
2001,2024,18.5,-0.08867,0.250254,-0.311348,0.0,0.0,-0.031414,-18.5701,,,,
2001,2025,7.39,-0.600541,0.334503,-0.611892,0.0,0.0,-0.551033,-31.9694,,,,
2001,2026,30.26,3.078167,4.344143,-0.310485,0.0,0.0,1.796673,,,,,
2010,2015,47.3009,-0.02865,0.353705,-0.318979,5.5,11.2946,-0.156657,,,,,
2010,2016,60.3237,0.277156,0.259538,-0.203037,5.0,10.5859,0.579695,,,,,
2010,2017,69.8798,0.158414,0.123674,-0.055449,4.0,6.6309,0.095554,,,,,
2010,2018,82.6679,0.190015,0.195739,-0.112654,4.4,6.3339,0.160207,,,,,
2010,2019,69.6295,-0.15772,0.185527,-0.300668,4.4,5.3225,-0.201689,,,,,
2010,2020,78.9206,0.143176,0.318145,-0.336188,3.7,5.3595,0.220524,,,,,
2010,2021,92.755,0.184642,0.205034,-0.199704,3.25,4.1508,0.161549,,,,,
2010,2022,74.382,-0.202208,0.224212,-0.401888,4.5,4.8265,-0.249818,5.51,,,,
2010,2023,72.504,-0.031747,0.185588,-0.188886,3.8,5.0747,-0.10531,-0.92,,,,
2010,2024,60.7279,-0.164421,0.19649,-0.230456,3.3,4.5406,-0.112463,0.51,,,,
2010,2025,48.9366,-0.197759,0.186087,-0.215639,3.2,5.2459,-0.196565,-8.59,,,,
2010,2026,49.44,0.008321,0.249902,-0.194151,2.6,5.3027,-0.157958,,,,,
2020,2015,49.3653,-0.253924,0.249476,-0.352568,5.4,8.1612,-0.297811,,,,,
2020,2016,48.2756,-0.00598,0.271412,-0.219377,4.5,9.2657,0.264348,,,,,
2020,2017,43.1107,-0.124499,0.178752,-0.227894,1.75,3.5539,-0.072999,,,,,
2020,2018,52.5151,0.221895,0.233791,-0.173554,2.0,4.6535,0.240988,,,,,
2020,2019,54.6754,0.046567,0.207386,-0.19692,3.0,5.7424,-0.032872,,,,,
2020,2020,59.0105,0.075126,0.293772,-0.2725,2.5,4.5548,0.134936,,,,,
2020,2021,131.9785,1.250486,0.275296,-0.092391,2.25,3.8367,0.942499,,,,,
2020,2022,114.7578,-0.114434,0.37337,-0.36241,7.0,5.4018,-0.149739,21.08,,,,
2020,2023,117.8027,0.02513,0.225348,-0.155525,11.0,9.5723,0.070464,7.69,,,,
2020,2024,99.388,-0.163581,0.231291,-0.225722,6.0,5.0494,-0.093337,6.99,,,,
2020,2025,104.8549,0.053109,0.212802,-0.170157,6.5,6.5283,0.027243,9.08,,,,
2020,2026,130.6,0.242164,0.265115,-0.241933,7.0,6.6578,0.182506,,,,,
2030,2015,37.4857,-0.169116,0.37624,-0.440236,0.7,1.5516,-0.390483,,,,,
2030,2016,36.837,-0.026269,0.47635,-0.47662,0.5,1.3217,0.535413,,,,,
2030,2017,28.6408,-0.226368,0.268028,-0.273632,0.0,0.0,-0.183727,,,,,
2030,2018,38.9476,0.366454,0.330817,-0.286749,0.5,1.7542,0.391176,,,,,
2030,2019,42.3997,0.075767,0.288108,-0.20022,0.75,1.9029,0.052137,,,,,
2030,2020,103.0366,1.413927,0.559482,-0.489758,1.0,2.3428,1.263057,,,,,
2030,2021,135.3119,0.376025,0.421008,-0.404242,0.75,0.7627,0.300875,,,,,
2030,2022,71.5847,-0.462369,0.342727,-0.513197,0.5,0.3755,-0.48591,1.88,,,,
2030,2023,93.0,0.184625,0.256785,-0.195198,1.0,1.2738,0.138732,0.51,,,,
2030,2024,72.1,-0.214597,0.224701,-0.282942,0.0,0.0,-0.218004,-3.57,,,,
2030,2025,50.85,-0.305328,0.278045,-0.344267,0.0,0.0,-0.305328,-4.01,,,,
2030,2026,50.75,-0.001967,0.350415,-0.185185,0.0,0.0,-0.174797,,,,,
2040,2015,19.7132,-0.415157,0.285658,-0.47302,0.7502,2.2256,-0.462242,,,,,
2040,2016,14.6997,-0.251283,0.374906,-0.481744,1.0003,5.0947,-0.011541,,,,,
2040,2017,12.1798,-0.178819,0.250268,-0.359537,0.5001,3.3719,-0.118476,,,,,
2040,2018,10.6616,-0.126292,0.335519,-0.340336,0.0,0.0,-0.129552,,,,,
2040,2019,19.8808,0.864712,0.321469,-0.184136,0.0,0.0,0.764849,,,,,
2040,2020,26.2975,0.313699,0.493991,-0.506897,0.0,0.0,0.240621,,,,,
2040,2021,40.7717,0.583426,0.301976,-0.236527,0.6,2.3302,0.528095,,,,,
2040,2022,21.7274,-0.47566,0.319453,-0.504936,1.0,2.4133,-0.488449,1.744,,,,
2040,2023,21.3118,-0.034349,0.284425,-0.354622,0.4,1.8124,-0.110988,-2.33,,,,
2040,2024,32.9733,0.525045,0.316081,-0.176509,0.0,0.0,0.587523,-0.72,,,,
2040,2025,26.7755,-0.204299,0.342376,-0.307172,0.5,1.4859,-0.22218,1.81,,,,
2040,2026,25.48,-0.060795,0.246455,-0.229221,0.5,1.843,-0.178121,,,,,
2050,2015,19.6252,-0.310027,0.352969,-0.392689,3.3223,11.6802,-0.322884,,,,,
2050,2016,17.6811,-0.095644,0.407879,-0.402997,2.7685,14.1606,0.514827,,,,,
2050,2017,17.3945,-0.037805,0.282381,-0.294059,0.0,0.0,0.043651,,,,,
2050,2018,13.052,-0.246782,0.352215,-0.382927,2.2148,12.7816,-0.197792,,,,,
2050,2019,16.729,0.281716,0.320165,-0.248555,0.0,0.0,0.040909,,,,,
2050,2020,21.2539,0.248674,0.325138,-0.210037,0.6645,3.9037,0.236293,,,,,
2050,2021,17.0809,-0.170981,0.181119,-0.289294,1.6611,8.0622,-0.134206,,,,,
2050,2022,14.961,-0.119978,0.254811,-0.325641,0.443,2.6056,-0.179334,3.0786,,,,
2050,2023,22.0087,0.439603,0.345914,-0.191765,1.4618,9.5617,0.364219,3.7415,,,,
2050,2024,34.3755,0.535256,0.380703,-0.305892,0.0,0.0,0.244538,40.0982,,,,
2050,2025,20.5035,-0.391944,0.323148,-0.457538,0.0,0.0,-0.429948,2.93,,,,
2050,2026,25.92,0.254431,0.305461,-0.156667,1.7,8.2274,0.103379,,,,,
2060,2015,10.61,-0.602774,0.340031,-0.615187,1.0,3.7439,-0.608388,,,,,
2060,2016,17.45,0.654028,0.387982,-0.245498,0.0,0.0,1.146372,,,,,
2060,2017,16.46,-0.064773,0.307517,-0.338624,0.0,0.0,0.000608,,,,,
2060,2018,15.12,-0.06087,0.273296,-0.370059,0.0,0.0,-0.044248,,,,,
2060,2019,13.68,-0.101183,0.23373,-0.438856,0.0,0.0,-0.136364,,,,,
2060,2020,13.68,-0.004367,0.368182,-0.396377,0.0,0.0,0.070423,,,,,
2060,2021,19.96,0.480712,0.302475,-0.26406,0.0,0.0,0.480712,,,,,
2060,2022,12.36,-0.384462,0.327089,-0.56778,0.0,0.0,-0.442238,1.0,,,,
2060,2023,12.38,0.003241,0.241178,-0.283887,0.0,0.0,-0.052067,0.3,,,,
2060,2024,10.16,-0.180645,0.238561,-0.326613,0.0,0.0,-0.131624,-0.04,,,,
2060,2025,9.22,-0.088933,0.237785,-0.245777,0.0,0.0,-0.088933,-2.64,,,,
2060,2026,8.89,-0.028415,0.285038,-0.209692,0.0,0.0,-0.233621,,,,,
2070,2015,26.7901,-0.02159,0.279161,-0.36233,1.5,5.4782,-0.214137,,,,,
2070,2016,33.9896,0.251399,0.37897,-0.331551,1.0,3.6817,0.75071,,,,,
2070,2017,25.7841,-0.230092,0.174428,-0.299154,1.0,2.986,-0.218427,,,,,
2070,2018,26.4324,0.0117,0.197925,-0.138164,1.5,5.7413,0.060373,,,,,
2070,2019,25.4102,-0.033743,0.19278,-0.181995,1.0,3.8026,0.009393,,,,,
2070,2020,37.2404,0.452249,0.377425,-0.214408,0.5,1.9498,0.408707,,,,,
2070,2021,38.1809,0.043894,0.27811,-0.395695,1.0,2.7341,0.04254,,,,,
2070,2022,21.5131,-0.432945,0.271089,-0.474364,0.6,1.5815,-0.450512,-1.38,,,,
2070,2023,37.3368,0.726028,0.445001,-0.374157,0.0,0.0,0.627907,-0.42,,,,
2070,2024,31.5585,-0.160315,0.341929,-0.381406,0.0,0.0,-0.154762,0.21,,,,
2070,2025,25.7406,-0.185625,0.30591,-0.346087,0.0,0.0,-0.232401,1.54,,,,
2070,2026,30.32,0.173401,0.310369,-0.16817,0.35,1.3545,0.030765,,,,,
2080,2015,16.9991,-0.175191,0.241779,-0.283186,1.4,6.7929,-0.18525,,,,,
2080,2016,22.9682,0.358087,0.301457,-0.26087,0.9,5.3216,0.807448,,,,,
2080,2017,22.3388,-0.033244,0.247792,-0.253229,1.75,7.5735,-0.115577,,,,,
2080,2018,21.3311,-0.0404,0.124637,-0.182386,1.6,7.1978,-0.0404,,,,,
2080,2019,25.7149,0.201221,0.147172,-0.151381,2.6,12.1454,0.152024,,,,,
2080,2020,25.382,-0.016129,0.156368,-0.142636,0.0,0.0,-0.03481,,,,,
2080,2021,46.2078,0.83251,0.311446,-0.144695,1.25,4.9573,0.83251,,,,,
2080,2022,46.5243,0.008712,0.355067,-0.267344,2.6,5.6372,0.033547,2.85,,,,
2080,2023,61.99,0.319684,0.30617,-0.203081,1.0,2.1289,0.332422,3.03,,,,
2080,2024,96.1006,0.568715,0.291803,-0.123693,2.1,3.428,0.477357,3.32,,,,
2080,2025,91.1233,-0.053638,0.268424,-0.397102,2.25,2.3367,-0.063784,3.32,,,,
2080,2026,63.75,-0.287624,0.287203,-0.34543,2.65,2.9613,-0.200937,,,,,
2081,2021,69.5303,-0.097232,0.291286,-0.320148,1.0714,1.3911,,,,,,
2081,2022,97.2026,0.39255,0.30607,-0.165202,2.1429,3.0699,0.327961,3.0714,,,,
2081,2023,134.9959,0.361463,0.267697,-0.257485,0.0,0.0,0.315217,4.0,,,,
2081,2024,146.4315,0.052104,0.394218,-0.298999,0.0,0.0,0.002865,6.57,,,,
2081,2025,132.7222,-0.094829,0.256012,-0.247331,1.5,1.023,-0.153445,7.31,,,,
2081,2026,98.2,-0.254567,0.266624,-0.254567,1.75,1.3284,-0.271484,,,,,
2082,2021,82.7046,0.051314,0.409844,-0.054726,0.0,0.0,,,2021-12-30,total return from auto-adjusted Close,cash per share in listing currency,Yahoo Finance
2082,2022,150.425,0.797425,0.482983,-0.290393,0.7624,0.9109,0.777509,2.089,2022-12-29,total return from auto-adjusted Close,cash per share in listing currency,Yahoo Finance
2082,2023,255.5988,0.66629,0.299881,-0.190123,0.8218,0.5357,0.528128,2.2519,2023-12-31,total return from auto-adjusted Close,cash per share in listing currency,Yahoo Finance
2082,2024,400.4646,0.570436,0.446646,-0.309038,0.4464,0.1751,0.545311,2.38,2024-12-31,total return from auto-adjusted Close,cash per share in listing currency,Yahoo Finance
2082,2025,181.3764,-0.549777,0.38496,-0.587776,0.0,0.0,-0.526808,2.47,2025-12-31,total return from auto-adjusted Close,cash per share in listing currency,Yahoo Finance
2082,2026,190.0,0.035021,0.366145,-0.185224,0.46,0.2506,-0.106712,,2026-09-08,total return from auto-adjusted Close,cash per share in listing currency,Yahoo Finance
2090,2015,13.3037,-0.309439,0.358102,-0.48705,0.6,3.1144,-0.452632,,,,,
2090,2016,11.4695,-0.136257,0.392281,-0.455128,0.6,4.5185,0.2644,,,,,
2090,2017,11.1683,-0.044295,0.238682,-0.273755,0.5,4.2787,-0.084963,,,,,
2090,2018,10.772,-0.040129,0.231801,-0.241611,0.0,0.0,-0.029221,,,,,
2090,2019,12.6098,0.176507,0.205333,-0.15956,0.4,3.7321,0.147576,,,,,
2090,2020,26.7107,1.090544,0.484315,-0.389595,0.35,2.7393,0.682216,,,,,
2090,2021,43.7772,0.687233,0.379979,-0.374101,0.6,2.3125,0.627296,,,,,
2090,2022,22.22,-0.501295,0.420763,-0.577091,1.0,2.2444,-0.540891,-0.2,,,,
2090,2023,23.44,0.022688,0.261148,-0.319931,0.0,0.0,-0.045603,0.16,,,,
2090,2024,21.74,-0.086555,0.268738,-0.280272,0.0,0.0,-0.08115,-0.4,,,,
2090,2025,15.15,-0.313237,0.321292,-0.388225,0.0,0.0,-0.325467,-0.97,,,,
2090,2026,13.38,-0.136774,0.292562,-0.212176,0.0,0.0,-0.34668,,,,,
2100,2015,26.0464,-0.266857,0.370376,-0.495381,0.0,0.0,-0.394811,,,,,
2100,2016,25.7825,-0.016647,0.500749,-0.51405,0.0,0.0,0.157175,,,,,
2100,2017,20.9102,-0.20155,0.281348,-0.324627,0.0,0.0,-0.21673,,,,,
2100,2018,16.9312,-0.18155,0.325039,-0.365759,0.0,0.0,-0.128527,,,,,
2100,2019,13.9875,-0.16078,0.297359,-0.408982,0.0,0.0,-0.124523,,,,,
2100,2020,60.3392,3.093939,0.626076,-0.270636,0.0,0.0,3.192102,,,,,
2100,2021,56.7345,-0.05974,0.438128,-0.509852,0.0,0.0,-0.135006,,,,,
2100,2022,25.6,-0.539878,0.451395,-0.575468,0.0,0.0,-0.557335,1.0,,,,
2100,2023,42.05,0.589792,0.336702,-0.282366,0.0,0.0,0.337043,0.91,,,,
2100,2024,38.45,-0.084524,0.360361,-0.320841,0.0,0.0,-0.056442,0.2,,,,
2100,2025,20.64,-0.463896,0.30812,-0.516129,0.0,0.0,-0.478129,-2.02,,,,
2100,2026,22.83,0.094439,0.369941,-0.231983,0.0,0.0,-0.167396,,,,,
2110,2015,74.3464,-0.17754,0.323455,-0.372302,0.0,0.0,-0.27109,,,,,
2110,2016,58.491,-0.211212,0.552197,-0.464968,0.0,0.0,-0.087481,,,,,
2110,2017,55.5906,-0.049587,0.040553,-0.065041,0.0,0.0,0.0,,,,,
2110,2018,101.0815,0.81832,0.901329,-0.405483,0.0,0.0,0.81832,,,,,
2110,2019,100.2876,-0.005249,0.360247,-0.402,0.0,0.0,-0.202105,,,,,
2110,2020,160.7669,0.458333,0.55584,-0.601688,0.0,0.0,0.57075,,,,,
2110,2021,105.4847,-0.333788,0.29924,-0.454599,0.0,0.0,-0.33036,,,,,
2110,2022,57.1541,-0.464757,0.225613,-0.496362,0.0,0.0,-0.472236,-25.04,,,,
2110,2023,57.2,0.000803,0.00081,0.0,0.0,0.0,0.000803,2.67,,,,
2110,2024,101.0,0.765734,0.485645,-0.408911,0.0,0.0,0.765734,7.3,,,,
2110,2025,140.0,0.356589,0.401417,-0.192794,0.0,0.0,0.081917,30.26,,,,
2110,2026,183.5,0.305121,0.346267,-0.186842,0.0,0.0,0.1854,,,,,
2120,2015,9.5559,-0.178354,0.342781,-0.415714,0.36,3.0954,-0.298289,,,,,
2120,2016,8.4895,-0.108984,0.404848,-0.440353,0.0,0.0,0.387615,,,,,
2120,2017,9.8711,0.065852,0.298365,-0.222775,0.2083,2.2495,-0.002181,,,,,
2120,2018,9.4394,-0.026784,0.219061,-0.25889,0.2083,2.1479,-0.029985,,,,,
2120,2019,10.219,0.101315,0.211669,-0.168803,0.2083,2.2452,-0.00788,,,,,
2120,2020,14.2742,0.402944,0.436234,-0.402439,0.2083,2.0476,0.262834,,,,,
2120,2021,36.0329,1.609956,0.490343,-0.25139,0.2083,1.509,1.532377,,,,,
2120,2022,20.6803,-0.429675,0.434859,-0.52174,0.625,1.7236,-0.441934,2.0,,,,
2120,2023,26.9908,0.227295,0.283628,-0.229385,0.5,2.2735,0.137493,2.52,,,,
2120,2024,33.9177,0.239337,0.332621,-0.272648,1.0,3.654,0.214258,5.0,,,,
2120,2025,16.93,-0.50014,0.308381,-0.531496,1.0,2.9525,-0.5099,-2.75,,,,
2120,2026,16.91,-0.030946,0.259233,-0.191537,0.0,0.0,-0.333202,,,,,
2130,2015,41.8074,-0.059333,0.387331,-0.478554,,,-0.179651,,,,,
2130,2016,30.3704,-0.259393,0.498327,-0.507846,,,0.274876,,,,,
2130,2017,29.6889,-0.050237,0.32647,-0.381467,,,-0.067907,,,,,
2130,2018,24.2963,-0.183267,0.218354,-0.24502,,,-0.100877,,,,,
2130,2019,24.2963,0.004902,0.177912,-0.181102,,,-0.063927,,,,,
2130,2020,42.0741,0.721212,0.455842,-0.292763,,,0.624714,,,,,
2130,2021,59.8519,0.440799,0.382009,-0.388781,,,0.420535,,,,,
2130,2022,30.637,-0.49064,0.308776,-0.524263,,,-0.487611,-1.85,,,,
2130,2023,33.6593,0.025271,0.264014,-0.2934,,,-0.038917,-1.1973,,,,
2130,2024,29.6,-0.122144,0.39049,-0.398121,,,-0.159091,-0.99,,,,
2130,2025,12.0,-0.600666,0.54039,-0.671404,,,-0.605263,-4.84,,,,
2130,2026,16.05,0.3375,0.417307,-0.279537,,,-0.445021,,,,,
2140,2015,12.34,-0.157679,0.368857,-0.437642,,,-0.274118,,,,,
2140,2016,11.65,-0.04898,0.384654,-0.38251,,,0.150049,,,,,
2140,2017,12.08,0.010879,0.300955,-0.355623,,,-0.263415,,,,,
2140,2018,9.95,-0.189739,0.181081,-0.252033,,,-0.097096,,,,,
2140,2019,11.24,0.126253,0.198172,-0.162162,,,0.110672,,,,,
2140,2020,19.8,0.755319,0.396989,-0.298921,,,0.630972,,,,,
2140,2021,20.34,0.038815,0.297373,-0.353846,,,0.099459,,,,,
2140,2022,14.12,-0.305801,0.306343,-0.392439,,,-0.327619,-0.5111,,,,
2140,2023,15.6,0.086351,0.301637,-0.360976,,,0.042781,-2.49,,,,
2140,2024,15.14,-0.031969,0.444162,-0.531271,,,-0.196391,-1.78,,,,
2140,2025,12.81,-0.159449,0.258462,-0.358407,,,-0.239311,3.57,,,,
2140,2026,9.57,-0.25814,0.258507,-0.29845,,,-0.243478,,,,,
2150,2015,19.0974,-0.1595,0.280928,-0.395231,2.7,11.883,-0.305763,,,,,
2150,2016,15.6305,-0.175584,0.383756,-0.388938,1.75,9.2302,0.278726,,,,,
2150,2017,17.4213,0.09531,0.190182,-0.157647,1.0,6.2872,0.09531,,,,,
2150,2018,15.2478,-0.119752,0.158107,-0.197005,0.5,2.8865,-0.093811,,,,,
2150,2019,15.5633,0.020693,0.124487,-0.13617,0.75,4.9187,0.003961,,,,,
2150,2020,24.1029,0.546945,0.424936,-0.307443,0.0,0.0,0.529642,,,,,
2150,2021,38.7761,0.660377,0.379434,-0.262983,0.0,0.0,0.456954,,,,,
2150,2022,29.5981,-0.256959,0.368854,-0.388557,1.0,2.5104,-0.26953,3.17,,,,
2150,2023,37.1819,0.237339,0.290779,-0.238788,1.0,3.3278,0.173795,1.46,,,,
2150,2024,52.5692,0.413837,0.314007,-0.149068,2.0,5.379,0.335383,2.94,,,,
2150,2025,34.7405,-0.343979,0.273449,-0.390038,0.5,0.9442,-0.355757,2.54,,,,
2150,2026,38.68,0.088819,0.217182,-0.093684,0.75,2.1112,-0.034765,,,,,
2160,2015,131.4825,-0.321673,0.275589,-0.400673,0.0,0.0,-0.399327,,,,,
2160,2016,128.1204,-0.033158,0.348214,-0.421107,6.5685,4.9568,0.247046,,,,,
2160,2017,129.664,0.02439,0.360536,-0.394048,0.0,0.0,0.142857,,,,,
2160,2018,90.1474,-0.291262,0.195628,-0.382318,0.0,0.0,-0.272727,,,,,
2160,2019,70.4718,-0.21826,0.411573,-0.463522,0.0,0.0,-0.372027,,,,,
2160,2020,70.5696,-0.014058,0.43436,-0.464075,0.0,0.0,-0.063415,,,,,
2160,2021,57.9447,-0.139423,0.411787,-0.490675,0.0,0.0,-0.212148,,,,,
2160,2022,32.5,-0.440995,0.423574,-0.517814,0.0,0.0,-0.434699,-0.2913,,,,
2160,2023,60.2,0.840979,0.477667,-0.320561,0.0,0.0,0.414806,-3.94,,,,
2160,2024,28.35,-0.571752,0.847633,-0.710393,0.0,0.0,-0.603496,9.92,,,,
2160,2025,15.73,-0.442199,0.326206,-0.519231,0.0,0.0,-0.477409,-1.75,,,,
2160,2026,13.11,-0.190741,0.316048,-0.273168,0.0,0.0,-0.393056,,,,,
2170,2015,11.6261,-0.152353,0.399858,-0.420165,0.0,0.0,-0.386809,,,,,
2170,2016,15.8135,0.37931,0.474824,-0.323012,0.0,0.0,0.73605,,,,,
2170,2017,18.109,0.124011,0.334396,-0.337931,1.0,6.2069,0.081218,,,,,
2170,2018,16.5446,-0.075974,0.315627,-0.437059,0.0,0.0,-0.013185,,,,,
2170,2019,25.5056,0.538462,0.295958,-0.239575,0.0,0.0,0.283148,,,,,
2170,2020,40.0013,0.578859,0.424251,-0.391018,0.0,0.0,0.616838,,,,,
2170,2021,46.7198,0.194617,0.290505,-0.213843,1.0,2.557,0.150835,,,,,
2170,2022,33.0806,-0.289304,0.383116,-0.548669,1.5,3.2226,-0.368009,1.31,,,,
2170,2023,35.8336,0.070292,0.265571,-0.288,0.0,0.0,-0.013448,-1.61,,,,
2170,2024,34.0131,-0.072639,0.241726,-0.224622,0.0,0.0,-0.131519,-0.73,,,,
2170,2025,25.5238,-0.244657,0.228243,-0.275078,2.25,6.6586,-0.230501,-12.05,,,,
2170,2026,27.12,0.046273,0.350278,-0.202491,1.5,5.7869,-0.177372,,,,,
2180,2015,33.5899,-0.174577,0.34864,-0.402984,1.0,2.4574,-0.333969,,,,,
2180,2016,34.5872,-0.00043,0.460971,-0.460581,3.0,8.67,0.402709,,,,,
2180,2017,32.4,-0.081303,0.198106,-0.173375,1.0,2.8355,-0.091316,,,,,
2180,2018,34.75,0.077519,0.230946,-0.167336,0.0,0.0,0.144975,,,,,
2180,2019,28.9,-0.163531,0.178053,-0.254703,0.0,0.0,-0.138599,,,,,
2180,2020,59.9,1.010067,0.487379,-0.266582,0.0,0.0,1.020236,,,,,
2180,2021,52.7,-0.086655,0.288008,-0.350649,0.0,0.0,-0.1202,,,,,
2180,2022,34.85,-0.337452,0.289481,-0.44967,0.0,0.0,-0.394965,0.85,,,,
2180,2023,54.8,0.559033,0.334819,-0.224265,0.0,0.0,0.423377,1.04,,,,
2180,2024,44.5,-0.201077,0.286035,-0.280303,0.0,0.0,-0.184982,0.08,,,,
2180,2025,30.46,-0.323862,0.260986,-0.361976,0.0,0.0,-0.330549,-1.66,,,,
2180,2026,36.68,0.202623,0.271453,-0.235808,0.0,0.0,0.029759,,,,,
2190,2015,9.3367,-0.018372,0.363189,-0.363992,0.4167,4.3807,-0.178856,,,,,
2190,2016,9.8191,0.053825,0.391495,-0.349044,0.4167,4.4718,0.431168,,,,,
2190,2017,9.0309,-0.118714,0.191194,-0.247547,0.0,0.0,-0.115871,,,,,
2190,2018,8.7539,-0.02727,0.290217,-0.320465,0.3,3.3336,0.000874,,,,,
2190,2019,16.3077,0.873279,0.24827,-0.145455,0.4,4.5948,0.734874,,,,,
2190,2020,27.8787,0.709544,0.461027,-0.455268,0.6,3.6793,0.4543,,,,,
2190,2021,27.2352,0.014493,0.295745,-0.430598,1.2,4.4699,-0.113384,,,,,
2190,2022,18.5836,-0.332874,0.296983,-0.437128,0.8,2.8719,-0.378405,0.45,,,,
2190,2023,28.9487,0.53061,0.249054,-0.219216,0.8,4.2299,0.411714,0.87,,,,
2190,2024,30.5199,0.069958,0.385882,-0.27875,0.4,1.4023,0.002051,-0.01,,,,
2190,2025,30.4793,0.008121,0.38098,-0.299169,0.8,2.646,-0.108579,1.19,,,,
2190,2026,40.1,0.313961,0.364777,-0.176282,0.8,2.6214,0.188967,,,,,
2200,2015,2.0742,-0.333333,0.337388,-0.433259,0.0,0.0,-0.37931,,,,,
2200,2016,2.7196,0.306273,0.498363,-0.416974,0.0,0.0,1.240506,,,,,
2200,2017,1.8776,-0.309604,0.253268,-0.431461,0.0,0.0,-0.268263,,,,,
2200,2018,1.4289,-0.236453,0.255436,-0.357971,0.0,0.0,-0.218487,,,,,
2200,2019,1.9605,0.383948,0.2393,-0.220249,0.0,0.0,0.166362,,,,,
2200,2020,2.7564,0.419304,0.468917,-0.321918,0.0,0.0,0.346847,,,,,
2200,2021,2.529,-0.052934,0.375275,-0.430769,0.0,0.0,-0.180279,,,,,
2200,2022,1.5365,-0.392467,0.318235,-0.531782,0.0,0.0,-0.413146,-0.042,,,,
2200,2023,4.9014,2.174129,0.428785,-0.162626,0.0,0.0,2.005889,0.528,,,,
2200,2024,7.0179,0.45,0.41606,-0.232168,0.0,0.0,0.363433,0.672,,,,
2200,2025,3.6967,-0.473243,0.325158,-0.553395,0.09,1.2824,-0.504946,0.44,,,,
2200,2026,5.34,0.432412,0.389582,-0.207407,0.136,3.6481,0.102033,,,,,
2210,2015,7.14,-0.341936,0.379552,-0.484477,,,-0.475,,,,,
2210,2016,6.2,-0.132867,0.400235,-0.356643,,,0.196911,,,,,
2210,2017,17.64,2.15,4.088309,-0.366071,,,2.834783,,,,,
2210,2018,27.15,0.569364,0.384163,-0.245161,,,0.722716,,,,,
2210,2019,23.62,-0.128413,0.26721,-0.395789,,,-0.151885,,,,,
2210,2020,33.3,0.411017,0.511202,-0.411852,,,0.395641,,,,,
2210,2021,32.25,-0.009217,0.331752,-0.380808,,,-0.018265,1.183,,,,
2210,2022,33.0,0.021672,0.378577,-0.34555,,,-0.231665,1.574,,,,
2210,2023,32.1,-0.036036,0.198616,-0.189959,,,-0.048889,-6.67,,,,
2210,2024,27.9,-0.130841,0.255707,-0.343912,,,-0.160902,0.498,,,,
2210,2025,24.31,-0.136412,0.291978,-0.361067,,,-0.215806,,,,,
2210,2026,18.74,-0.218841,0.205363,-0.221114,,,-0.307465,,,,,
2220,2015,22.2126,-0.154779,0.332543,-0.446291,0.4694,1.7861,-0.311716,,,,,
2220,2016,21.902,-0.02915,0.470678,-0.456695,0.9388,4.1614,0.312641,,,,,
2220,2017,18.6144,-0.158796,0.221206,-0.260848,0.4694,2.1213,-0.165621,,,,,
2220,2018,16.3164,-0.097407,0.199645,-0.198633,0.2347,1.2983,-0.05682,,,,,
2220,2019,14.3449,-0.113689,0.210838,-0.28973,0.0,0.0,-0.131818,,,,,
2220,2020,31.5438,1.140127,0.525296,-0.357576,0.0,0.0,1.13198,,,,,
2220,2021,25.65,-0.164464,0.358113,-0.4246,0.0,0.0,-0.169543,,,,,
2220,2022,16.92,-0.337769,0.339567,-0.483934,0.0,0.0,-0.39246,-1.1,,,,
2220,2023,19.86,0.165493,0.284797,-0.285971,0.0,0.0,0.071197,-0.89,,,,
2220,2024,17.72,-0.09776,0.287219,-0.302545,0.0,0.0,-0.055437,-1.14,,,,
2220,2025,13.43,-0.262088,0.345795,-0.312026,0.0,0.0,-0.263706,-0.63,,,,
2220,2026,12.21,-0.112645,0.290065,-0.238063,0.0,0.0,-0.319018,,,,,
2222,2019,21.5515,0.001421,0.302481,-0.075,0.0,0.0,,,2019-12-31,total return from auto-adjusted Close,cash per share in listing currency,Yahoo Finance
2222,2020,22.1353,0.031478,0.223535,-0.209104,0.9332,4.3487,0.056497,,2020-12-31,total return from auto-adjusted Close,cash per share in listing currency,Yahoo Finance
2222,2021,23.5455,0.068286,0.09634,-0.078457,1.163,5.2765,0.036975,,2021-12-30,total return from auto-adjusted Close,cash per share in listing currency,Yahoo Finance
2222,2022,23.8237,0.018929,0.227355,-0.269833,0.8722,3.7303,0.064866,2.47,2022-12-29,total return from auto-adjusted Close,cash per share in listing currency,Yahoo Finance
2222,2023,28.2252,0.173782,0.139691,-0.066265,1.5156,6.3027,0.218505,1.87,2023-12-31,total return from auto-adjusted Close,cash per share in listing currency,Yahoo Finance
2222,2024,25.6281,-0.093385,0.116716,-0.173225,1.926,6.8134,-0.110621,1.63,2024-12-31,total return from auto-adjusted Close,cash per share in listing currency,Yahoo Finance
2222,2025,22.9434,-0.104757,0.147052,-0.148265,1.3248,5.1693,-0.078415,1.44,2025-12-31,total return from auto-adjusted Close,cash per share in listing currency,Yahoo Finance
2222,2026,26.06,0.133461,0.152658,-0.054802,1.0179,4.4273,0.185844,,2026-09-08,total return from auto-adjusted Close,cash per share in listing currency,Yahoo Finance
2230,2015,3.0564,0.090587,0.378372,-0.379651,0.375,13.3809,-0.110001,,,,,
2230,2016,2.3603,-0.245754,0.35609,-0.479258,0.4125,13.1814,-0.030562,,,,,
2230,2017,2.1451,-0.104934,0.208621,-0.249799,0.2625,10.9532,-0.042207,,,,,
2230,2018,2.1587,0.009499,0.205397,-0.218837,0.0938,4.3841,0.011081,,,,,
2230,2019,2.2229,0.033064,0.213481,-0.176634,0.0,0.0,-0.010113,,,,,
2230,2020,3.2398,0.435908,0.362681,-0.229862,0.0,0.0,0.39243,,,,,
2230,2021,3.1846,0.016421,0.229023,-0.266589,0.05,1.5958,0.000147,,,,,
2230,2022,2.5257,-0.20691,0.255947,-0.327913,0.05,1.57,-0.234104,0.1,,,,
2230,2023,4.1961,0.667652,0.310436,-0.252485,0.05,1.9871,0.630189,0.22,,,,
2230,2024,9.0997,1.134034,0.463595,-0.245439,0.05,1.1726,0.968153,0.35,,,,
2230,2025,6.333,-0.312211,0.371452,-0.418612,0.05,0.543,-0.389066,0.4,,,,
2230,2026,7.78,0.205918,0.355436,-0.19109,0.1,1.55,0.059845,,,,,
2240,2015,27.258,-0.31215,0.333864,-0.520813,2.0,5.047,-0.418886,,,,,
2240,2016,27.925,0.016661,0.355185,-0.378304,2.0,7.2814,0.172933,,,,,
2240,2017,25.8981,-0.06959,0.18741,-0.184702,2.0,7.1851,-0.066579,,,,,
2240,2018,17.4,-0.335547,0.18926,-0.385954,1.0,3.8187,-0.302196,,,,,
2240,2019,18.16,0.022523,0.215973,-0.240854,0.0,0.0,-0.023656,,,,,
2240,2020,20.76,0.125813,0.428366,-0.424103,0.0,0.0,-0.03352,,,,,
2240,2021,27.75,0.373762,0.365368,-0.386946,0.0,0.0,0.325215,,,,,
2240,2022,15.9,-0.427027,0.311483,-0.497569,0.0,0.0,-0.451724,-2.97,,,,
2240,2023,26.25,0.636534,0.342973,-0.269633,0.0,0.0,0.5681,-4.96,,,,
2240,2024,32.35,0.189338,0.419493,-0.391806,0.0,0.0,0.184982,0.45,,,,
2240,2025,38.3,0.180277,0.45993,-0.364583,0.0,0.0,0.095851,1.68,,,,
2240,2026,28.3,-0.273614,0.32773,-0.407133,0.0,0.0,-0.15015,,,,,
2250,2015,3.8666,-0.443306,0.388266,-0.530272,1.1111,15.9972,-0.494092,,,,,
2250,2016,5.2777,0.361011,0.418174,-0.292419,0.0,0.0,0.690583,,,,,
2250,2017,5.5139,0.041988,0.30738,-0.174603,0.5556,10.4986,-0.017777,,,,,
2250,2018,6.8638,0.231635,0.335594,-0.275748,1.1111,19.9378,0.112711,,,,,
2250,2019,7.6744,0.120629,0.246481,-0.251223,1.6667,24.337,0.052915,,,,,
2250,2020,9.2738,0.203746,0.402868,-0.463796,1.3889,18.028,0.18847,,,,,
2250,2021,10.8946,0.194762,0.298797,-0.278313,1.1111,12.1851,0.224862,,,,,
2250,2022,8.3624,-0.231191,0.329703,-0.47123,2.5,22.9841,-0.273254,0.4556,,,,
2250,2023,8.8243,0.052362,0.242134,-0.197184,1.1111,13.2508,-0.067013,0.1667,,,,
2250,2024,6.7977,-0.235177,0.229724,-0.294758,0.5556,6.2507,-0.185646,0.3,,,,
2250,2025,12.42,0.820555,1.720471,-0.383576,10.25,150.2471,0.704609,-0.15,,,,
2250,2026,12.38,-0.007217,0.289545,-0.208609,0.0,0.0,-0.338901,,,,,
2270,2015,74.7971,-0.066494,0.301257,-0.295684,3.5,4.3682,-0.060766,,,,,
2270,2016,85.3225,0.085574,0.295392,-0.27027,4.0,5.0893,0.148512,,,,,
2270,2017,93.4309,0.090652,0.187817,-0.117187,6.0,7.004,0.172744,,,,,
2270,2018,75.296,-0.194099,0.247115,-0.42451,4.0,4.2812,-0.121081,,,,,
2270,2019,111.2623,0.460213,0.239514,-0.118518,4.5,5.9058,0.468887,,,,,
2270,2020,138.1924,0.242041,0.304683,-0.195089,2.5,2.2469,0.233416,,,,,
2270,2021,134.8047,-0.014377,0.165763,-0.131188,6.0,4.3869,0.042195,,,,,
2270,2022,182.8807,0.348462,0.286817,-0.117103,6.0,4.4241,0.357488,6.48,,,,
2270,2023,289.611,0.564771,0.323897,-0.237694,6.0,3.2418,0.446743,9.65,,,,
2270,2024,306.6357,0.059418,0.31172,-0.233913,18.0,6.219,-0.017556,15.12,,,,
2270,2025,237.6351,-0.215268,0.220658,-0.278703,17.0,5.6138,-0.204779,14.92,,,,
2270,2026,203.6,-0.14253,0.263222,-0.206124,8.0,3.3692,-0.210948,,,,,
2280,2015,38.7502,0.028129,0.267096,-0.241147,0.6015,1.5959,0.114339,,2015-12-31,total return from auto-adjusted Close,cash per share in listing currency,Yahoo Finance
2280,2016,45.8879,0.172212,0.295029,-0.314748,0.6917,1.767,0.065055,,2016-12-29,total return from auto-adjusted Close,cash per share in listing currency,Yahoo Finance
2280,2017,45.6459,-0.005273,0.230149,-0.315789,0.72,1.569,0.016874,,2017-12-31,total return from auto-adjusted Close,cash per share in listing currency,Yahoo Finance
2280,2018,41.2632,-0.094332,0.261929,-0.275806,0.75,1.6461,-0.049388,,2018-12-31,total return from auto-adjusted Close,cash per share in listing currency,Yahoo Finance
2280,2019,43.2097,0.047173,0.230562,-0.238017,0.85,2.0599,-0.045255,,2019-12-31,total return from auto-adjusted Close,cash per share in listing currency,Yahoo Finance
2280,2020,48.7775,0.132286,0.28782,-0.257286,0.85,1.9731,0.12143,,2020-12-31,total return from auto-adjusted Close,cash per share in listing currency,Yahoo Finance
2280,2021,44.1495,-0.079794,0.174932,-0.266091,1.0,2.0843,-0.126967,,2021-12-30,total return from auto-adjusted Close,cash per share in listing currency,Yahoo Finance
2280,2022,49.3794,0.127713,0.251569,-0.100173,1.0,2.2838,0.124879,1.79,2022-12-29,total return from auto-adjusted Close,cash per share in listing currency,Yahoo Finance
2280,2023,52.4058,0.061289,0.297153,-0.243243,1.0,2.0251,0.071301,2.08,2023-12-31,total return from auto-adjusted Close,cash per share in listing currency,Yahoo Finance
2280,2024,54.6766,0.048969,0.227231,-0.160964,1.0,1.9185,0.069942,2.34,2024-12-31,total return from auto-adjusted Close,cash per share in listing currency,Yahoo Finance
2280,2025,42.1288,-0.224064,0.19101,-0.265567,1.0,1.8418,-0.221653,2.48,2025-12-31,total return from auto-adjusted Close,cash per share in listing currency,Yahoo Finance
2280,2026,46.96,0.088508,0.246057,-0.122026,1.15,2.6656,0.03639,,2026-09-08,total return from auto-adjusted Close,cash per share in listing currency,Yahoo Finance
2281,2021,76.3023,0.056628,0.413584,-0.094818,0.0,0.0,,,,,,
2281,2022,122.6808,0.59039,0.382806,-0.34108,0.51,0.6611,0.445809,9.34,,,,
2281,2023,98.9434,-0.204404,0.285844,-0.425205,3.5,2.8143,-0.188541,3.8,,,,
2281,2024,118.0919,0.202872,0.366343,-0.260363,1.9,1.9353,0.256989,4.79,,,,
2281,2025,57.15,-0.508747,0.324284,-0.570744,2.24,1.9255,-0.497793,-0.94,,,,
2281,2026,62.9,0.04746,0.366999,-0.251644,0.0,0.0,-0.246707,,,,,
2290,2015,18.0002,-0.279986,0.293226,-0.342314,2.5,10.0001,-0.314547,,,,,
2290,2016,31.8795,0.768885,0.388862,-0.248074,2.5,13.8716,1.088043,,,,,
2290,2017,37.7627,0.173676,0.190795,-0.110204,4.5,13.9861,0.079583,,,,,
2290,2018,42.8466,0.134628,0.220605,-0.194805,3.5,9.2684,0.062588,,,,,
2290,2019,39.6759,-0.062242,0.205803,-0.315839,3.75,8.8633,-0.159619,,,,,
2290,2020,48.4381,0.218663,0.291545,-0.274755,3.0,7.5478,0.302388,,,,,
2290,2021,54.1405,0.122999,0.227413,-0.249706,2.75,5.7041,0.11598,,,,,
2290,2022,34.4811,-0.366806,0.232061,-0.446584,3.0,5.5091,-0.371355,0.74,,,,
2290,2023,33.1972,-0.032585,0.237828,-0.242468,2.25,6.5568,-0.105006,-0.86,,,,
2290,2024,34.4772,0.037195,0.202538,-0.13466,1.75,5.2646,0.030434,0.75,,,,
2290,2025,26.5192,-0.22878,0.230454,-0.250588,2.0,5.8163,-0.227756,0.14,,,,
2290,2026,33.98,0.257541,0.385483,-0.232632,1.0,3.7008,0.012979,,,,,
2300,2015,27.9458,-0.23029,0.42159,-0.499162,0.0,0.0,-0.366894,,,,,
2300,2016,15.5924,-0.441446,0.531326,-0.608743,0.0,0.0,-0.03271,,,,,
2300,2017,12.8656,-0.182775,0.31947,-0.368571,0.0,0.0,-0.174879,,,,,
2300,2018,11.5312,-0.088778,0.348662,-0.359004,0.0,0.0,-0.046792,,,,,
2300,2019,7.8223,-0.308862,0.322718,-0.431061,0.0,0.0,-0.271931,,,,,
2300,2020,37.6908,3.866284,0.624122,-0.329197,0.0,0.0,3.818387,,,,,
2300,2021,26.5469,-0.268489,0.300442,-0.35942,0.0,0.0,-0.223549,,,,,
2300,2022,20.5492,-0.228473,0.34763,-0.407939,0.0,0.0,-0.288481,1.4727,,,,
2300,2023,39.2488,0.895299,0.302878,-0.161905,0.0,0.0,0.667293,1.97,,,,
2300,2024,64.3342,0.64843,0.359371,-0.251525,1.25,3.2029,0.508211,2.25,,,,
2300,2025,61.509,-0.043914,0.358157,-0.308475,0.0,0.0,-0.113571,1.8,,,,
2300,2026,66.0,0.08173,0.352072,-0.240407,0.5,0.8195,0.140077,,,,,
2310,2015,9.1186,-0.453027,0.359958,-0.592919,1.25,7.4981,-0.533413,,,,,
2310,2016,12.2687,0.375913,0.407184,-0.269343,0.0,0.0,0.840821,,,,,
2310,2017,11.351,-0.077249,0.265565,-0.334359,0.0,0.0,-0.082105,,,,,
2310,2018,13.5977,0.217474,0.257501,-0.198493,1.0,8.9535,0.184345,,,,,
2310,2019,13.0884,-0.039381,0.2367,-0.318838,1.25,9.1743,-0.011278,,,,,
2310,2020,12.9753,-0.007532,0.342309,-0.390217,0.5,3.8244,0.035167,,,,,
2310,2021,33.4015,1.619604,0.328501,-0.188819,2.25,17.6462,1.423134,,,,,
2310,2022,29.2287,-0.121791,0.398255,-0.408668,3.25,9.765,-0.164704,4.96,,,,
2310,2023,31.0135,0.065772,0.240565,-0.199289,2.0,6.8729,-0.052024,1.62,,,,
2310,2024,23.5305,-0.244611,0.229473,-0.319837,1.0,3.2103,-0.165289,0.59,,,,
2310,2025,15.0,-0.356842,0.268701,-0.367133,1.0,4.2877,-0.315778,-1.19,,,,
2310,2026,13.21,-0.130921,0.274014,-0.235435,0.0,0.0,-0.342224,,,,,
2320,2015,13.664,0.129359,0.381685,-0.395775,1.3333,11.0203,-0.208624,,,,,
2320,2016,11.6801,-0.156996,0.472421,-0.429993,0.6667,4.8116,0.478937,,,,,
2320,2017,13.5199,0.143953,0.266022,-0.215072,1.6667,14.1021,0.02039,,,,,
2320,2018,10.4222,-0.234834,0.225755,-0.397394,0.6667,4.8945,-0.19769,,,,,
2320,2019,14.8219,0.433735,0.210269,-0.15489,0.6667,6.4487,0.377621,,,,,
2320,2020,17.7902,0.193635,0.393046,-0.36973,0.3333,2.2365,0.157399,,,,,
2320,2021,18.2662,0.039899,0.25018,-0.311364,0.6667,3.7953,0.01777,,,,,
2320,2022,12.3675,-0.320773,0.228376,-0.390959,0.3333,1.8307,-0.363352,0.83,,,,
2320,2023,24.8198,0.980396,0.302244,-0.204977,0.3333,2.6597,0.90161,2.21,,,,
2320,2024,36.6476,0.450182,0.412709,-0.270283,1.5,5.9357,0.383478,4.16,,,,
2320,2025,63.9019,0.784876,0.407646,-0.194819,3.0,8.3795,0.49788,7.08,,,,
2320,2026,61.7,-0.038938,0.362592,-0.277322,1.0,1.5576,0.076865,,,,,
2330,2015,16.0454,-0.041516,0.351206,-0.353738,1.8939,11.3136,-0.210661,,,,,
2330,2016,25.571,0.605576,0.304019,-0.136606,2.3864,14.9837,0.684215,,,,,
2330,2017,27.1236,0.044816,0.16404,-0.0875,2.1212,8.171,0.094011,,,,,
2330,2018,31.5175,0.167081,0.23211,-0.211386,2.1212,7.8548,0.25201,,,,,
2330,2019,35.6877,0.148229,0.191695,-0.163953,2.1326,6.8614,0.004953,,,,,
2330,2020,51.0294,0.424123,0.29421,-0.254369,2.1667,6.0467,0.457925,,,,,
2330,2021,55.561,0.09699,0.201518,-0.167486,2.1667,4.2778,0.139841,,,,,
2330,2022,41.9946,-0.237674,0.268776,-0.452115,2.1917,3.9785,-0.260968,1.135,,,,
2330,2023,39.1,-0.063418,0.214212,-0.269311,0.55,1.3174,-0.176471,0.66,,,,
2330,2024,32.1,-0.176923,0.194413,-0.296703,0.0,0.0,-0.16188,-1.0,,,,
2330,2025,29.14,-0.089375,0.288984,-0.262252,0.0,0.0,-0.06752,0.88,,,,
2330,2026,23.85,-0.19262,0.357563,-0.255247,0.0,0.0,-0.322058,,,,,
2340,2015,26.8843,-0.07649,0.306992,-0.314072,1.75,6.0115,-0.196335,,,,,
2340,2016,14.0993,-0.469356,0.390534,-0.617043,0.3,1.1291,-0.222422,,,,,
2340,2017,12.8307,-0.115732,0.197981,-0.232522,0.5,3.4459,-0.098727,,,,,
2340,2018,10.8932,-0.137019,0.188391,-0.221652,0.5,3.9611,-0.119891,,,,,
2340,2019,12.08,0.121042,0.191355,-0.176552,0.25,2.32,0.068584,,,,,
2340,2020,15.3,0.252046,0.393216,-0.390882,0.0,0.0,0.184211,,,,,
2340,2021,29.55,0.97,0.440097,-0.348203,0.0,0.0,0.949208,,,,,
2340,2022,15.62,-0.466894,0.359262,-0.49769,0.0,0.0,-0.459516,-0.71,,,,
2340,2023,16.68,0.0399,0.258804,-0.30396,0.0,0.0,-0.009501,-0.92,,,,
2340,2024,15.98,-0.041966,0.274688,-0.239594,0.0,0.0,-0.041966,-1.59,,,,
2340,2025,10.59,-0.336466,0.301302,-0.382598,0.0,0.0,-0.324617,0.26,,,,
2340,2026,11.28,0.05717,0.295909,-0.153501,0.0,0.0,-0.11875,,,,,
2350,2015,6.77,-0.395536,0.376899,-0.51295,,,-0.505839,,,,,
2350,2016,8.85,0.311111,0.455297,-0.331852,,,0.907328,,,,,
2350,2017,10.7,0.202247,0.285609,-0.184615,,,0.258824,,,,,
2350,2018,13.2,0.247637,0.296799,-0.299674,,,0.092715,,,,,
2350,2019,11.1,-0.161631,0.22964,-0.340816,,,-0.202586,,,,,
2350,2020,14.3,0.283662,0.390839,-0.393939,,,0.421471,,,,,
2350,2021,17.02,0.217454,0.261225,-0.218957,,,0.17867,,,,,
2350,2022,13.66,-0.20117,0.329079,-0.536074,,,-0.249451,-0.83,,,,
2350,2023,10.96,-0.203488,0.233257,-0.254986,,,-0.183308,-1.42,,,,
2350,2024,7.02,-0.359489,0.246494,-0.392857,,,-0.276289,-1.2,,,,
2350,2025,4.73,-0.321377,0.307413,-0.355811,,,-0.305433,-1.53,,,,
2350,2026,5.26,0.102725,0.375912,-0.208696,,,-0.134868,,,,,
2360,2015,82.1602,0.108221,0.281615,-0.22598,6.0373,8.1435,-0.04399,,,,,
2360,2016,65.4675,-0.199494,0.354474,-0.396739,3.8811,4.7457,0.053351,,,,,
2360,2017,54.9691,-0.16036,0.288159,-0.407501,2.1562,3.2935,-0.025965,,,,,
2360,2018,50.5932,-0.095486,0.238042,-0.230172,1.2937,2.3129,-0.029795,,,,,
2360,2019,51.2729,0.025243,0.226169,-0.253817,0.0,0.0,0.056,,,,,
2360,2020,99.0,0.892137,0.505299,-0.454248,1.7249,3.2968,0.714244,,,,,
2360,2021,76.9,-0.189673,0.414837,-0.467085,0.0,0.0,-0.294495,,,,,
2360,2022,39.1,-0.490885,0.302498,-0.553846,0.0,0.0,-0.517284,-0.5002,,,,
2360,2023,47.8,0.195,0.290485,-0.252874,0.0,0.0,0.119438,-3.3981,,,,
2360,2024,38.15,-0.20438,0.310971,-0.363718,0.0,0.0,-0.256335,-6.2357,,,,
2360,2025,20.7,-0.475285,0.306232,-0.529157,0.0,0.0,-0.479899,-1.8716,,,,
2360,2026,21.0,-0.004267,0.502537,-0.392416,0.0,0.0,-0.2569,,,,,
2370,2015,13.1025,-0.575688,0.424063,-0.662452,0.0,0.0,-0.641473,,,,,
2370,2016,11.6152,-0.111593,0.457475,-0.409534,0.0,0.0,0.271318,,,,,
2370,2017,12.0543,0.025301,0.366492,-0.321277,0.0,0.0,-0.010465,,,,,
2370,2018,11.6602,-0.040587,0.314537,-0.324266,0.0,0.0,0.018782,,,,,
2370,2019,8.9244,-0.230894,0.242358,-0.36476,0.0,0.0,-0.228385,,,,,
2370,2020,14.547,0.618048,0.448239,-0.332689,0.0,0.0,0.535857,,,,,
2370,2021,19.0941,0.333333,0.369193,-0.39176,0.0,0.0,0.333333,,,,,
2370,2022,9.3395,-0.508441,0.333301,-0.586207,0.0,0.0,-0.525407,-0.29,,,,
2370,2023,21.0752,1.053309,0.34281,-0.238542,0.0,0.0,1.030909,1.22,,,,
2370,2024,40.9428,0.930605,0.432278,-0.190283,0.0,0.0,1.039474,2.27,,,,
2370,2025,20.8513,-0.485984,0.397541,-0.548215,1.0,2.4651,-0.515823,2.54,,,,
2370,2026,35.4,0.661797,0.447606,-0.195276,0.6,2.8166,0.178427,,,,,
2380,2015,8.4406,-0.33393,0.390099,-0.519094,0.4061,3.2045,-0.40898,,,,,
2380,2016,8.0763,-0.038462,0.423563,-0.384615,0.0,0.0,0.5625,,,,,
2380,2017,11.3137,0.394915,0.309869,-0.261333,0.0,0.0,0.377406,,,,,
2380,2018,13.3645,0.14509,0.37999,-0.391472,0.4061,3.4794,-0.125736,,,,,
2380,2019,15.1716,0.134031,0.253266,-0.175,0.0,0.0,0.121118,,,,,
2380,2020,9.6802,-0.360185,0.444304,-0.558719,0.0,0.0,-0.299189,,,,,
2380,2021,14.4992,0.517595,0.39303,-0.39469,0.0,0.0,0.474359,,,,,
2380,2022,10.68,-0.273239,0.466877,-0.541716,0.0,0.0,-0.36469,-0.79,,,,
2380,2023,10.34,-0.040816,0.22764,-0.219313,0.0,0.0,-0.076786,-2.81,,,,
2380,2024,8.26,-0.204239,0.285952,-0.373333,0.0,0.0,-0.093304,-2.72,,,,
2380,2025,6.84,-0.173913,0.337332,-0.280344,0.0,0.0,-0.170909,-2.33,,,,
2380,2026,16.87,1.441389,0.520721,-0.255871,0.0,0.0,1.160051,,,,,
2381,2022,106.562,-0.070957,0.458455,-0.203125,0.0,0.0,,6.85,,,,
2381,2023,183.4126,0.712059,0.306604,-0.157789,2.53,2.3616,0.446306,6.79,,,,
2381,2024,109.9588,-0.410362,0.307547,-0.48353,3.88,2.0806,-0.435923,3.61,,,,
2381,2025,98.75,-0.103543,0.332258,-0.34275,1.35,1.2255,-0.049109,-0.85,,,,
2381,2026,94.9,-0.050525,0.312817,-0.27783,0.0,0.0,0.224516,,,,,
3002,2015,11.9761,-0.452484,0.267867,-0.510394,1.1,5.0289,-0.50242,,,,,
3002,2016,10.1714,-0.149525,0.333077,-0.369064,1.1,9.1975,0.226501,,,,,
3002,2017,8.8692,-0.131667,0.271382,-0.370612,0.0,0.0,-0.081938,,,,,
3002,2018,7.1583,-0.205104,0.226111,-0.330813,0.0,0.0,-0.149646,,,,,
3002,2019,10.18,0.42381,0.186784,-0.127778,0.0,0.0,0.397196,,,,,
3002,2020,16.2122,0.574139,0.420283,-0.38633,0.75,7.2822,0.449549,,,,,
3002,2021,17.1768,0.082035,0.211349,-0.257021,1.5,9.4491,0.006518,,,,,
3002,2022,11.8546,-0.304453,0.226872,-0.396263,0.5,2.9337,-0.332752,0.66,,,,
3002,2023,11.42,-0.049276,0.21044,-0.292589,0.25,2.0813,-0.08951,0.32,,,,
3002,2024,9.07,-0.207168,0.155642,-0.282343,0.0,0.0,-0.136191,0.4,,,,
3002,2025,6.4,-0.298246,0.153766,-0.320856,0.0,0.0,-0.292818,0.22,,,,
3002,2026,5.56,-0.137984,0.132697,-0.219298,0.0,0.0,-0.295311,,,,,
3003,2015,12.4334,-0.306907,0.255611,-0.407354,1.3514,7.533,-0.312882,,,,,
3003,2016,13.4851,0.090388,0.274066,-0.264706,1.3514,10.9268,0.482928,,,,,
3003,2017,10.6826,-0.218081,0.213636,-0.378589,0.3378,2.4728,-0.098459,,,,,
3003,2018,8.5947,-0.192716,0.192012,-0.3052,0.5405,5.0772,-0.129255,,,,,
3003,2019,17.3206,1.019644,0.256289,-0.11129,0.5405,6.3029,0.74441,,,,,
3003,2020,19.1142,0.097421,0.467284,-0.471498,1.0,5.7414,-0.015276,,,,,
3003,2021,17.5812,-0.054343,0.197197,-0.282,1.25,6.7235,-0.154511,,,,,
3003,2022,16.2161,-0.07928,0.279044,-0.334305,0.9,5.11,-0.121308,0.82,,,,
3003,2023,17.5554,0.068698,0.24079,-0.349521,0.9,5.4788,0.023243,0.59,,,,
3003,2024,16.2028,-0.056115,0.220912,-0.190067,0.9,5.2429,0.052915,1.03,,,,
3003,2025,11.665,-0.276084,0.232261,-0.421461,0.65,4.0338,-0.372468,0.92,,,,
3003,2026,10.21,-0.132982,0.200979,-0.238094,0.9,7.6427,-0.297892,,,,,
3004,2015,10.9665,-0.257317,0.197602,-0.328757,1.5,10.1584,-0.314569,,,,,
3004,2016,10.1687,-0.076463,0.282067,-0.342384,0.95,8.6281,0.28032,,,,,
3004,2017,8.4515,-0.165625,0.207218,-0.29375,0.0,0.0,-0.094915,,,,,
3004,2018,6.5998,-0.202677,0.162448,-0.308958,0.0,0.0,-0.182353,,,,,
3004,2019,9.3694,0.426506,0.2142,-0.163636,0.0,0.0,0.327354,,,,,
3004,2020,9.8404,0.039725,0.373019,-0.406618,0.25,2.6415,-0.066433,,,,,
3004,2021,11.2233,0.159608,0.270454,-0.315472,0.5,5.1661,0.118461,,,,,
3004,2022,9.3717,-0.164975,0.189596,-0.245395,0.5,4.455,-0.183233,0.62,,,,
3004,2023,9.3564,-0.008991,0.12075,-0.173984,0.25,2.6479,-0.054274,0.31,,,,
3004,2024,8.6571,-0.079983,0.104894,-0.156052,0.5,5.3137,-0.042025,0.56,,,,
3004,2025,6.9397,-0.210333,0.197318,-0.270879,0.25,2.8448,-0.231609,0.31,,,,
3004,2026,6.66,-0.04296,0.153966,-0.114799,0.25,3.5925,-0.136388,,,,,
3005,2015,25.062,-0.014172,0.157034,-0.022719,0.0,0.0,,,,,,
3005,2016,16.5817,-0.337638,0.427409,-0.54428,0.0,0.0,0.084592,,,,,
3005,2017,15.5194,-0.07438,0.284046,-0.382716,0.0,0.0,-0.232877,,,,,
3005,2018,10.5495,-0.312048,0.195414,-0.386525,0.0,0.0,-0.283563,,,,,
3005,2019,20.7245,0.967951,0.264615,-0.113333,0.25,2.3739,0.783358,,,,,
3005,2020,30.1695,0.462354,0.498615,-0.570533,0.55,2.6659,0.122924,,,,,
3005,2021,23.329,-0.203879,0.17642,-0.308293,0.9,3.0713,-0.232852,,,,,
3005,2022,16.7,-0.282936,0.248634,-0.396976,0.25,1.0734,-0.33074,0.42,,,,
3005,2023,17.02,0.011891,0.188778,-0.24898,0.0,0.0,-0.021839,0.07,,,,
3005,2024,18.62,0.091442,0.208243,-0.138533,0.0,0.0,0.16375,0.87,,,,
3005,2025,12.46,-0.330108,0.207163,-0.388724,0.0,0.0,-0.373239,0.83,,,,
3005,2026,12.29,-0.014435,0.23855,-0.139437,0.0,0.0,-0.183389,,,,,
3007,2017,2.7622,0.003049,0.272793,-0.169039,0.0,0.0,,,,,,
3007,2018,2.3417,-0.144438,0.242821,-0.397042,0.0667,2.4358,-0.117363,,,,,
3007,2019,2.8067,0.195677,0.232705,-0.148144,0.1167,4.9701,0.137419,,,,,
3007,2020,4.8061,0.685449,0.448069,-0.238985,0.05,1.7535,0.701484,,,,,
3007,2021,5.2461,0.130088,0.265754,-0.230687,0.0667,1.4361,0.029187,,,,,
3007,2022,2.9332,-0.444785,0.329682,-0.531837,0.1,1.8929,-0.477588,0.07,,,,
3007,2023,3.5184,0.199501,0.280376,-0.245074,0.06,2.0456,0.097789,0.151,,,,
3007,2024,3.1839,-0.117738,0.329786,-0.377224,0.135,3.7408,-0.129226,0.054,,,,
3007,2025,2.16,-0.330885,0.282072,-0.393763,0.045,1.394,-0.354466,0.014,,,,
3007,2026,2.79,0.251121,0.319044,-0.196429,0.0,0.0,0.060836,,,,,
3008,2019,2.7907,0.582734,0.901848,-0.238095,,,,,,,,
3008,2020,3.396,0.24714,0.513366,-0.450311,,,0.352118,,,,,
3008,2021,3.495,0.05018,0.286101,-0.310841,,,-0.055405,,,,,
3008,2022,1.7775,-0.492143,0.30333,-0.530749,,,-0.511004,0.03,,,,
3008,2023,2.66,0.469613,0.484126,-0.431981,,,0.141631,-0.02,,,,
3008,2024,2.58,-0.037313,0.293571,-0.251515,,,-0.088339,-0.08,,,,
3008,2025,1.83,-0.298851,0.270125,-0.349265,,,-0.319703,-0.18,,,,
3008,2026,1.21,-0.342391,0.345508,-0.484163,,,-0.434579,,,,,
3010,2015,22.146,-0.353921,0.237681,-0.40297,5.25,15.3161,-0.357985,,,,,
3010,2016,22.6724,0.025061,0.329235,-0.33106,4.5,20.3454,0.292137,,,,,
3010,2017,21.3737,-0.067707,0.183154,-0.252348,7.0,30.5331,0.111864,,,,,
3010,2018,14.3826,-0.326107,0.223265,-0.495363,1.0,4.6855,-0.338658,,,,,
3010,2019,25.2092,0.722008,0.270713,-0.142029,1.75,11.954,0.50717,,,,,
3010,2020,26.2614,0.044575,0.348575,-0.458824,1.0,3.9776,-0.024532,,,,,
3010,2021,28.4791,0.106979,0.208104,-0.213435,2.5,9.7175,-0.11881,,,,,
3010,2022,26.9301,-0.05314,0.20234,-0.244975,2.6,9.1416,-0.106401,1.81,,,,
3010,2023,29.0826,0.06878,0.156014,-0.206076,1.85,6.7987,0.016316,1.4,,,,
3010,2024,23.1092,-0.204239,0.177881,-0.261778,1.5,5.1652,-0.145891,1.6,,,,
3010,2025,19.8875,-0.132742,0.195496,-0.219019,1.25,5.451,-0.17889,1.65,,,,
3010,2026,21.5,0.052815,0.179666,-0.077993,1.5,7.3452,0.04277,,,,,
3020,2015,25.234,-0.300548,0.180428,-0.340321,3.0,8.3156,-0.330475,,,,,
3020,2016,19.3545,-0.227349,0.271442,-0.464047,1.5,5.9881,-0.042084,,,,,
3020,2017,15.1356,-0.223083,0.175538,-0.309248,0.25,1.2833,-0.081281,,,,,
3020,2018,10.9484,-0.270857,0.173324,-0.292045,0.0,0.0,-0.212346,,,,,
3020,2019,22.2229,1.023437,0.253736,-0.149945,0.0,0.0,0.75,,,,,
3020,2020,25.9949,0.138955,0.374372,-0.471622,0.5,2.1907,0.063025,,,,,
3020,2021,22.872,-0.086116,0.213286,-0.28125,0.0,0.0,-0.158576,,,,,
3020,2022,23.7517,0.042471,0.270022,-0.303977,0.0,0.0,0.003718,1.76,,,,
3020,2023,31.033,0.287484,0.226072,-0.255208,1.0,4.1488,0.21227,1.5,,,,
3020,2024,32.7674,0.06211,0.255634,-0.188394,1.0,3.2414,0.170735,2.08,,,,
3020,2025,22.4019,-0.319249,0.276894,-0.418321,1.0,3.0388,-0.361002,2.38,,,,
3020,2026,23.32,0.026892,0.233205,-0.188612,1.0,4.4035,-0.221932,,,,,
3030,2015,32.4335,-0.281872,0.213349,-0.334607,5.5,12.1779,-0.294761,,,,,
3030,2016,38.7601,0.201919,0.342832,-0.262244,5.75,17.8303,0.594155,,,,,
3030,2017,28.3754,-0.27304,0.23002,-0.428847,5.0,12.8097,-0.174958,,,,,
3030,2018,30.8782,0.080241,0.287677,-0.364207,3.25,11.3698,0.035862,,,,,
3030,2019,46.9184,0.554693,0.27129,-0.242804,3.25,10.7692,0.256732,,,,,
3030,2020,44.1622,-0.056053,0.326787,-0.413571,3.5,7.4811,-0.026815,,,,,
3030,2021,41.4988,-0.044777,0.122016,-0.167853,3.5,8.0563,-0.124379,,,,,
3030,2022,41.0095,-0.01359,0.17371,-0.157732,3.5,8.4186,-0.0295,2.61,,,,
3030,2023,44.7462,0.066033,0.131798,-0.178512,3.25,7.7428,0.055919,2.49,,,,
3030,2024,38.1122,-0.145008,0.14843,-0.204145,2.25,5.0476,-0.082874,2.76,,,,
3030,2025,32.6193,-0.145126,0.169615,-0.225848,2.5,6.5519,-0.147123,2.38,,,,
3030,2026,28.4,-0.132875,0.174845,-0.189045,1.8,5.4959,-0.25224,,,,,
3040,2015,38.5374,-0.174348,0.160274,-0.263992,6.0,12.8548,-0.221651,,,,,
3040,2016,40.5049,0.059524,0.239037,-0.240545,5.5,14.3869,0.283544,,,,,
3040,2017,28.8397,-0.287995,0.174885,-0.396249,3.1,7.6534,-0.195255,,,,,
3040,2018,22.993,-0.20273,0.173442,-0.297372,2.55,8.842,-0.200954,,,,,
3040,2019,47.2782,1.103141,0.248267,-0.120939,2.35,10.4538,0.746856,,,,,
3040,2020,61.883,0.297138,0.378409,-0.434966,4.35,9.1181,0.136914,,,,,
3040,2021,60.6826,-0.018186,0.150633,-0.186518,4.1,6.6336,-0.12039,,,,,
3040,2022,50.4794,-0.172513,0.209412,-0.34373,2.2,3.6064,-0.197812,1.45,,,,
3040,2023,54.6657,0.040363,0.201611,-0.188305,2.55,4.853,-0.03827,1.58,,,,
3040,2024,47.3311,-0.135529,0.147947,-0.190228,2.6,4.7487,-0.086866,2.85,,,,
3040,2025,40.6062,-0.146947,0.173477,-0.228379,3.2,6.7225,-0.156514,2.37,,,,
3040,2026,45.18,0.107376,0.112128,-0.052216,1.6,3.9217,0.117596,,,,,
3050,2015,45.0252,-0.324192,0.204216,-0.327552,5.5,8.2552,-0.301878,,,,,
3050,2016,57.2245,0.271489,0.319582,-0.313409,6.0,13.3316,0.391778,,,,,
3050,2017,35.7442,-0.373464,0.273434,-0.474845,3.25,5.6967,-0.288915,,,,,
3050,2018,28.4024,-0.206219,0.236236,-0.362306,1.5,4.1921,-0.211108,,,,,
3050,2019,51.9117,0.81296,0.269435,-0.127551,2.25,7.8579,0.569965,,,,,
3050,2020,73.0956,0.405892,0.365396,-0.402545,4.5,8.6551,0.302874,,,,,
3050,2021,61.6956,-0.14991,0.168098,-0.263026,1.25,1.7223,-0.200533,,,,,
3050,2022,46.3254,-0.246982,0.198598,-0.308088,2.0,3.251,-0.241557,2.15,,,,
3050,2023,39.3138,-0.161222,0.172962,-0.250855,0.85,1.8135,-0.162844,1.4,,,,
3050,2024,32.8792,-0.16269,0.164523,-0.213081,1.15,2.9286,-0.107009,1.38,,,,
3050,2025,21.7897,-0.330489,0.192355,-0.352587,0.7,2.1508,-0.321549,-0.35,,,,
3050,2026,19.65,-0.113467,0.189092,-0.2234,0.5,2.2558,-0.252073,,,,,
3060,2015,21.2582,-0.258472,0.234917,-0.356202,4.0,13.9528,-0.330491,,,,,
3060,2016,21.8044,0.023587,0.308678,-0.444121,4.5,21.1248,0.281535,,,,,
3060,2017,19.8054,-0.100564,0.248591,-0.350171,2.75,12.4888,-0.019015,,,,,
3060,2018,15.019,-0.23716,0.241905,-0.430809,1.75,8.8886,-0.261342,,,,,
3060,2019,25.4,0.675837,0.293404,-0.144645,2.0,13.1955,0.364329,,,,,
3060,2020,29.1177,0.102995,0.37467,-0.469534,2.25,8.5231,0.064081,,,,,
3060,2021,28.1891,-0.016118,0.196981,-0.245883,3.5,12.216,-0.162966,,,,,
3060,2022,29.0334,0.0257,0.270544,-0.263438,1.5,5.2992,-0.042768,1.37,,,,
3060,2023,29.0807,-0.029627,0.238895,-0.284897,1.5,5.0052,-0.079582,0.76,,,,
3060,2024,21.4849,-0.257966,0.212418,-0.330818,1.25,4.3172,-0.186845,1.0,,,,
3060,2025,13.7773,-0.35289,0.194536,-0.395447,1.25,5.8712,-0.372183,0.66,,,,
3060,2026,15.12,0.078771,0.173808,-0.121843,0.75,5.351,-0.030973,,,,,
3080,2015,18.4721,-0.406913,0.209783,-0.464309,2.5,8.0268,-0.459954,,,,,
3080,2016,21.6766,0.175329,0.260987,-0.342075,2.5,13.5553,0.403656,,,,,
3080,2017,17.3678,-0.201084,0.210671,-0.34275,1.5,6.9,-0.15222,,,,,
3080,2018,14.1853,-0.186331,0.257333,-0.375311,1.0,5.736,-0.19395,,,,,
3080,2019,25.3669,0.807446,0.286396,-0.121898,0.75,5.3439,0.392956,,,,,
3080,2020,30.5113,0.211208,0.377751,-0.46235,1.5,5.9546,0.077132,,,,,
3080,2021,34.9981,0.145661,0.214494,-0.201044,3.9,12.7666,0.044275,,,,,
3080,2022,33.5044,-0.037201,0.205165,-0.210883,2.1,6.0347,-0.041588,1.67,,,,
3080,2023,32.9656,-0.0329,0.198004,-0.25018,1.6,4.6939,-0.116995,2.28,,,,
3080,2024,31.1388,-0.054177,0.211931,-0.185984,1.6,4.8599,-0.009943,2.88,,,,
3080,2025,22.2987,-0.294152,0.187141,-0.348825,1.6,5.0647,-0.303137,2.35,,,,
3080,2026,25.14,0.107085,0.1954,-0.110845,1.2,5.2844,-0.024653,,,,,
3090,2015,12.4705,-0.408632,0.248347,-0.458287,0.5,2.3711,-0.429181,,,,,
3090,2016,11.5738,-0.076373,0.262545,-0.357743,0.9,7.1823,0.034548,,,,,
3090,2017,12.7629,0.098438,0.307329,-0.260073,0.0,0.0,0.073282,,,,,
3090,2018,10.076,-0.194485,0.271687,-0.315515,0.0,0.0,-0.269737,,,,,
3090,2019,14.3424,0.425993,0.248386,-0.146154,0.0,0.0,0.246057,,,,,
3090,2020,15.468,0.057072,0.402842,-0.479684,0.0,0.0,0.037759,,,,,
3090,2021,15.8493,0.036817,0.277842,-0.299758,0.0,0.0,-0.07619,,,,,
3090,2022,13.7352,-0.131395,0.239949,-0.254021,0.25,1.581,-0.169534,0.233,,,,
3090,2023,12.52,-0.094541,0.151493,-0.201413,0.0,0.0,-0.093333,0.167,,,,
3090,2024,12.3185,-0.016101,0.160387,-0.120591,0.5,3.9936,0.013715,0.884,,,,
3090,2025,9.08,-0.270833,0.221084,-0.355242,0.5,4.0152,-0.311106,0.414,,,,
3090,2026,7.32,-0.200873,0.167377,-0.214831,0.0,0.0,-0.277394,,,,,
3091,2015,12.6675,-0.256842,0.269132,-0.419089,0.0,0.0,-0.346296,,,,,
3091,2016,10.7655,-0.150142,0.313528,-0.386213,0.0,0.0,0.185771,,,,,
3091,2017,13.2368,0.209399,0.210766,-0.168235,0.0,0.0,0.236425,,,,,
3091,2018,10.1974,-0.226547,0.185925,-0.338504,0.0,0.0,-0.243164,,,,,
3091,2019,12.5921,0.225352,0.184302,-0.147296,0.0,0.0,0.182942,,,,,
3091,2020,14.6842,0.1353,0.361487,-0.365979,0.0,0.0,-0.032929,,,,,
3091,2021,14.3158,-0.010909,0.200049,-0.261348,0.0,0.0,-0.040564,,,,,
3091,2022,11.06,-0.228844,0.239077,-0.260141,0.0,0.0,-0.238623,0.28,,,,
3091,2023,12.14,0.093694,0.193683,-0.210072,0.0,0.0,-0.066154,0.35,,,,
3091,2024,10.28,-0.154605,0.172812,-0.174342,0.0,0.0,-0.131757,-0.26,,,,
3091,2025,6.32,-0.386408,0.226318,-0.510077,0.0,0.0,-0.471572,-1.9,,,,
3091,2026,4.94,-0.22082,0.223464,-0.264798,0.0,0.0,-0.281977,,,,,
4001,2015,2.7069,-0.145301,0.251691,-0.305738,0.0875,2.7628,-0.205412,,,,,
4001,2016,3.0664,0.125482,0.353368,-0.353349,0.1,3.6704,0.4191,,,,,
4001,2017,4.0042,0.312484,0.209805,-0.073209,0.2,6.5555,0.251811,,,,,
4001,2018,4.6887,0.192067,1.099167,-0.500611,0.3,7.6272,0.093476,,,,,
4001,2019,5.7664,0.233366,0.229444,-0.209546,0.45,9.6249,0.29828,,,,,
4001,2020,9.042,0.549041,0.325902,-0.190065,0.45,7.7092,0.419955,,,,,
4001,2021,8.2991,-0.086627,0.168941,-0.21341,0.5,5.5028,-0.096873,,,,,
4001,2022,8.7663,0.046618,0.261799,-0.193277,1.15,13.73,0.050466,1.2,,,,
4001,2023,11.6401,0.31769,0.241837,-0.197009,0.575,6.5092,0.307708,0.54,,,,
4001,2024,9.7096,-0.164583,0.196869,-0.235305,0.6,5.1624,-0.213514,0.57,,,,
4001,2025,6.0089,-0.384658,0.178241,-0.405708,0.46,4.7107,-0.38698,0.28,,,,
4001,2026,4.98,-0.173921,0.158319,-0.262628,0.12,1.9906,-0.332982,,,,,
4002,2015,24.7327,-0.010493,0.261119,-0.271023,0.5,2.0004,-0.057612,,,,,
4002,2016,30.3747,0.18202,0.341248,-0.251661,0.5,1.9457,0.260403,,,,,
4002,2017,31.8356,0.041015,0.241848,-0.10473,0.625,2.0437,0.106429,,,,,
4002,2018,34.4074,0.079358,0.300368,-0.309184,0.75,2.3527,-0.064967,,,,,
4002,2019,38.4028,0.124501,0.221861,-0.11087,0.875,2.5622,0.204392,,,,,
4002,2020,61.8136,0.605963,0.356898,-0.231694,1.0,2.5981,0.746559,,,,,
4002,2021,78.9621,0.325446,0.271646,-0.241412,1.25,2.0982,0.224196,,,,,
4002,2022,96.0279,0.200925,0.354616,-0.306977,1.375,1.7196,0.107771,3.0,,,,
4002,2023,103.9951,0.082967,0.358914,-0.311439,1.5,1.562,0.100876,3.29,,,,
4002,2024,80.4179,-0.246923,0.27861,-0.398592,1.75,1.6388,-0.297128,3.23,,,,
4002,2025,65.5672,-0.19132,0.274588,-0.268528,3.0,3.7001,-0.229058,4.11,,,,
4002,2026,65.35,-0.00852,0.25459,-0.175594,1.125,1.7068,-0.101487,,,,,
4003,2015,12.4059,-0.410354,0.337575,-0.559465,0.4476,2.1274,-0.504877,,,,,
4003,2016,8.1467,-0.367332,0.450469,-0.615107,0.0,0.0,-0.034862,,,,,
4003,2017,17.4531,1.134226,0.415245,-0.172619,0.4272,5.2245,0.990939,,,,,
4003,2018,27.7971,0.604541,0.35878,-0.394406,1.1393,6.5765,0.531237,,,,,
4003,2019,33.5666,0.201922,0.232881,-0.167506,1.4648,5.2452,0.28806,,,,,
4003,2020,48.4043,0.445898,0.427103,-0.404581,1.5951,4.7646,0.343391,,,,,
4003,2021,78.4304,0.648913,0.235827,-0.145183,3.125,6.57,0.492626,,,,,
4003,2022,53.227,-0.351978,0.233413,-0.393631,3.9062,4.7557,-0.323346,5.85,,,,
4003,2023,72.3256,0.352941,0.237686,-0.117285,3.5,6.5472,0.225771,5.12,,,,
4003,2024,79.9398,0.070662,0.239337,-0.132554,9.0,12.054,0.107746,6.9026,,,,
4003,2025,79.0552,-0.009968,0.180655,-0.130901,5.0,6.2616,-0.085108,6.57,,,,
4003,2026,65.25,-0.178517,0.185781,-0.25149,5.0,6.2949,-0.221608,,,,,
4004,2015,36.1159,-0.319293,0.318897,-0.468584,0.5244,0.9885,-0.367915,,,,,
4004,2016,49.619,0.33345,0.387824,-0.313899,0.9833,2.6426,0.550692,,,,,
4004,2017,55.387,0.110386,0.219005,-0.156896,2.95,5.914,0.087551,,,,,
4004,2018,32.4077,-0.414886,0.30235,-0.54103,2.6222,4.7343,-0.455833,,,,,
4004,2019,34.7069,0.07477,0.221615,-0.228007,0.4167,1.2903,-0.112284,,,,,
4004,2020,44.0746,0.257815,0.306693,-0.166345,1.0833,3.0917,0.28501,,,,,
4004,2021,70.3564,0.62493,0.249277,-0.150793,1.75,4.0417,0.400394,,,,,
4004,2022,140.596,0.995681,0.323896,-0.173029,2.0,2.8389,0.755266,3.05,,,,
4004,2023,164.809,0.185028,0.283311,-0.259508,1.5,1.0785,0.287003,3.7,,,,
4004,2024,145.682,-0.108793,0.21476,-0.20211,2.0,1.2235,-0.111405,4.83,,,,
4004,2025,123.8054,-0.155795,0.301628,-0.276668,2.0,1.3638,-0.197261,5.32,,,,
4004,2026,85.0,-0.311794,0.383177,-0.387164,1.5,1.2145,-0.405758,,,,,
4005,2015,45.8729,0.026518,0.349869,-0.237738,1.55,3.4685,-0.095686,,,,,
4005,2016,55.0794,0.179446,0.331155,-0.269204,0.75,1.606,0.392076,,,,,
4005,2017,36.6079,-0.335361,0.295575,-0.496578,0.0,0.0,-0.190741,,,,,
4005,2018,42.8287,0.182103,0.369487,-0.344444,1.0,2.7601,0.101852,,,,,
4005,2019,42.2257,-0.010143,0.276342,-0.241667,1.0,2.3442,0.102041,,,,,
4005,2020,48.9384,0.158972,0.328251,-0.341023,2.0,4.7364,0.149511,,,,,
4005,2021,58.3011,0.240082,0.220816,-0.177112,1.0,2.127,0.207139,,,,,
4005,2022,69.7904,0.174553,0.381545,-0.379982,1.0,1.683,0.089193,3.79,,,,
4005,2023,166.0538,1.369701,0.418624,-0.175287,1.0,1.4271,1.245617,5.37,,,,
4005,2024,160.8569,-0.071748,0.347816,-0.318943,2.0,1.1541,-0.107073,6.58,,,,
4005,2025,139.1414,-0.129788,0.317738,-0.267033,2.0,1.2508,-0.072816,7.13,,,,
4005,2026,123.9,-0.112028,0.407176,-0.373259,3.0,2.1501,-0.294846,,,,,
4006,2015,42.4308,-0.252626,0.2967,-0.341145,1.1667,2.055,-0.252626,,,,,
4006,2016,28.2784,-0.326759,0.44064,-0.580016,0.0,0.0,-0.042404,,,,,
4006,2017,22.3062,-0.216105,0.293466,-0.306823,2.0,7.0285,-0.201174,,,,,
4006,2018,15.9717,-0.273432,0.204345,-0.381211,0.75,3.4118,-0.239148,,,,,
4006,2019,15.6967,-0.007453,0.192182,-0.243928,0.0,0.0,-0.0454,,,,,
4006,2020,31.5308,1.018868,0.464693,-0.284327,0.0,0.0,0.720257,,,,,
4006,2021,28.2894,-0.057283,0.287084,-0.327161,0.0,0.0,-0.044776,,,,,
4006,2022,17.8773,-0.361404,0.309203,-0.423642,0.0,0.0,-0.385135,0.51,,,,
4006,2023,22.7,0.242459,0.296094,-0.344781,0.5,2.7367,0.090082,0.48,,,,
4006,2024,22.62,-0.012227,0.271602,-0.32381,0.0,0.0,-0.109449,0.57,,,,
4006,2025,14.0,-0.384886,0.268311,-0.420721,0.0,0.0,-0.399142,0.55,,,,
4006,2026,12.22,-0.137615,0.204528,-0.174122,0.0,0.0,-0.296893,,,,,
4007,2015,29.8396,-0.421711,0.486545,-0.568713,0.0,0.0,-0.484105,,,,,
4007,2016,25.8366,-0.131846,0.443692,-0.452459,0.5625,1.8901,-0.057201,,,,,
4007,2017,23.4582,-0.085476,0.276781,-0.250549,0.5625,2.1929,0.063519,,,,,
4007,2018,15.8707,-0.319783,0.265237,-0.480905,0.0,0.0,-0.319783,,,,,
4007,2019,13.3035,-0.161753,0.190805,-0.255039,0.0,0.0,-0.161753,,,,,
4007,2020,18.2734,0.368371,0.367052,-0.35444,0.0,0.0,0.233988,,,,,
4007,2021,26.2502,0.472186,0.232209,-0.149184,0.825,4.6268,0.482701,,,,,
4007,2022,35.9486,0.361014,0.357279,-0.203609,1.25,4.7325,0.294001,1.61,,,,
4007,2023,54.2838,0.476893,0.326541,-0.213613,1.05,2.8567,0.34412,1.9,,,,
4007,2024,36.1443,-0.343007,0.247837,-0.432022,1.4,2.5448,-0.372207,2.12,,,,
4007,2025,27.2573,-0.249785,0.239914,-0.360289,1.25,3.4404,-0.339605,1.51,,,,
4007,2026,25.12,-0.088832,0.235667,-0.157244,0.67,2.4303,-0.250129,,,,,
4008,2015,57.714,0.047684,0.123597,-0.008779,0.0,0.0,,,,,,
4008,2016,51.1773,-0.114861,0.402477,-0.46164,2.0,3.4591,0.061294,,,,,
4008,2017,66.8788,0.310649,0.246841,-0.127551,1.1667,2.2864,0.188322,,,,,
4008,2018,62.1887,-0.058097,0.404523,-0.503754,1.6667,2.5243,-0.0997,,,,,
4008,2019,50.4207,-0.179314,0.238765,-0.388717,2.0,3.2554,-0.191674,,,,,
4008,2020,56.9271,0.069511,0.415622,-0.39823,0.5,0.9394,0.099498,,,,,
4008,2021,48.3389,-0.129933,0.271858,-0.370494,0.75,1.3499,-0.147934,,,,,
4008,2022,26.943,-0.447716,0.28598,-0.505587,0.0,0.0,-0.479924,-3.96,,,,
4008,2023,38.3344,0.414991,0.316561,-0.335526,0.0,0.0,0.294314,-1.92,,,,
4008,2024,31.351,-0.197719,0.350744,-0.33296,0.0,0.0,-0.201765,-0.39,,,,
4008,2025,25.7147,-0.18748,0.288735,-0.279267,0.0,0.0,-0.229674,1.27,,,,
4008,2026,20.96,-0.187407,0.276034,-0.230792,0.25,0.9692,-0.277818,,,,,
4009,2016,67.4364,0.046263,0.39387,-0.382954,0.0,0.0,,,,,,
4009,2017,50.9252,-0.242264,0.274335,-0.390181,2.0,2.9759,-0.207083,,,,,
4009,2018,31.663,-0.383949,0.313982,-0.505609,2.0,3.8913,-0.433815,,,,,
4009,2019,28.9797,-0.076205,0.220442,-0.289747,0.0,0.0,-0.058637,,,,,
4009,2020,34.1999,0.180135,0.348409,-0.285373,0.0,0.0,0.078462,,,,,
4009,2021,30.8824,-0.079942,0.196482,-0.225214,0.0,0.0,-0.089209,,,,,
4009,2022,24.8328,-0.195893,0.332043,-0.352713,0.0,0.0,-0.234587,0.82,,,,
4009,2023,86.1585,2.429126,0.463379,-0.333756,0.0,0.0,2.228519,0.19,,,,
4009,2024,67.0339,-0.240044,0.415529,-0.531202,0.0,0.0,-0.285863,3.06,,,,
4009,2025,32.0471,-0.520531,0.340675,-0.613228,0.5,0.7481,-0.589455,3.28,,,,
4009,2026,32.96,0.016005,0.348957,-0.250595,0.5,1.5413,-0.417608,,,,,
4011,2016,17.1477,-0.45603,0.411569,-0.599246,0.0,0.0,,,,,,
4011,2017,14.8674,-0.150635,0.275784,-0.381177,0.4274,2.4415,-0.225939,,,,,
4011,2018,12.9282,-0.172699,0.198258,-0.186143,0.0,0.0,-0.085714,,,,,
4011,2019,13.72,0.057285,0.21119,-0.22049,0.0,0.0,0.035366,,,,,
4011,2020,16.3218,0.195266,0.474715,-0.410317,0.0,0.0,0.225728,,,,,
4011,2021,19.3982,0.217413,0.347639,-0.361854,0.0,0.0,0.219887,,,,,
4011,2022,11.865,-0.395998,0.277169,-0.445126,0.25,1.2727,-0.401756,0.59,,,,
4011,2023,13.9321,0.140929,0.238735,-0.247134,0.3,2.4568,0.106091,0.54,,,,
4011,2024,13.76,-0.01374,0.299478,-0.283784,0.3,2.1503,-0.026068,0.2,,,,
4011,2025,11.4,-0.189189,0.280932,-0.223361,0.0,0.0,-0.191489,-0.73,,,,
4011,2026,10.53,-0.1,0.2484,-0.151191,0.0,0.0,-0.211826,,,,,
4012,2019,2.4741,-0.141732,0.595792,-0.275986,0.0,0.0,,,,,,
4012,2020,4.6386,0.879151,0.394606,-0.188647,0.1688,6.8365,0.816513,,,,,
4012,2021,3.8462,-0.130689,0.301275,-0.344312,0.0563,1.2714,-0.267534,,,,,
4012,2022,3.138,-0.17295,0.319602,-0.414793,0.15,3.9533,-0.253926,0.13,,,,
4012,2023,4.0411,0.298079,0.349523,-0.271603,0.1625,5.2198,0.257829,0.19,,,,
4012,2024,3.8195,-0.042578,0.279759,-0.231679,0.19,4.7626,-0.021443,0.21,,,,
4012,2025,3.183,-0.172502,0.219711,-0.235025,0.2,5.1995,-0.176351,0.25,,,,
4012,2026,3.51,0.099479,0.228914,-0.137143,0.21,6.5781,-0.009003,,,,,
4013,2020,98.8785,1.015851,0.326769,-0.086207,1.5,3.0581,,,,,,
4013,2021,148.9695,0.506591,0.219593,-0.178938,2.7,2.7306,0.423036,,,,,
4013,2022,206.7639,0.400106,0.284684,-0.174757,3.25,2.2007,0.322415,4.72,,,,
4013,2023,270.4317,0.29501,0.274665,-0.258859,4.1,1.9634,0.22778,5.85,,,,
4013,2024,271.2891,-0.011449,0.233796,-0.191024,4.69,1.709,-0.036196,6.62,,,,
4013,2025,253.0204,-0.077864,0.233662,-0.217827,4.75,1.7311,-0.105616,6.86,,,,
4013,2026,232.9,-0.079521,0.230539,-0.204829,3.65,1.4426,-0.111371,,,,,
4020,2015,8.6883,-0.299487,0.377784,-0.545117,0.4313,3.4776,-0.41046,,,,,
4020,2016,10.436,0.19337,0.416014,-0.347168,0.4313,4.9322,0.827991,,,,,
4020,2017,9.3666,-0.12257,0.220554,-0.287095,0.4313,4.0405,-0.059395,,,,,
4020,2018,10.5242,0.110711,0.345999,-0.283966,0.4313,4.5521,0.161943,,,,,
4020,2019,11.7664,0.125412,0.202035,-0.159091,0.0,0.0,0.062305,,,,,
4020,2020,13.0431,0.110132,0.401294,-0.289009,0.0,0.0,0.08,,,,,
4020,2021,17.5116,0.371622,0.328243,-0.274773,0.0,0.0,0.346154,,,,,
4020,2022,11.42,-0.352328,0.323645,-0.501893,0.0,0.0,-0.359225,0.2933,,,,
4020,2023,15.94,0.388502,0.235013,-0.178273,0.0,0.0,0.279294,0.18,,,,
4020,2024,25.3,0.567534,0.386666,-0.250618,0.0,0.0,0.385542,0.57,,,,
4020,2025,12.89,-0.487475,0.341811,-0.566197,0.0,0.0,-0.517228,0.79,,,,
4020,2026,15.39,0.193023,0.317323,-0.176,0.0,0.0,-0.03511,,,,,
4030,2015,12.6836,0.362707,0.408653,-0.45417,0.4267,4.584,0.245294,,,,,
4030,2016,12.5543,-0.031229,0.344299,-0.384289,1.0667,8.2311,0.298159,,,,,
4030,2017,9.6931,-0.24016,0.210906,-0.348709,1.0667,8.3616,-0.155496,,,,,
4030,2018,10.7767,0.122479,0.26059,-0.126074,0.64,6.6661,0.191202,,,,,
4030,2019,13.8015,0.286455,0.222687,-0.236145,0.8533,7.954,0.414037,,,,,
4030,2020,14.7682,0.091884,0.313315,-0.279412,0.8533,6.3091,0.175875,,,,,
4030,2021,12.4552,-0.149278,0.105782,-0.165511,0.8533,5.8285,-0.137477,,,,,
4030,2022,14.1536,0.136364,0.259352,-0.360465,0.0,0.0,0.109023,1.128,,,,
4030,2023,16.2304,0.140931,0.226228,-0.129568,0.4,2.8118,0.214672,1.752,,,,
4030,2024,19.6482,0.208385,0.201835,-0.133333,0.44,2.706,0.152084,2.35,,,,
4030,2025,28.1201,0.43392,0.280966,-0.136364,0.8,4.0794,0.262236,2.63,,,,
4030,2026,35.22,0.249039,0.327033,-0.164047,1.0,3.5464,0.284397,,,,,
4031,2015,34.0873,-0.049349,0.184632,-0.055498,0.0,0.0,,,,,,
4031,2016,51.9373,0.527028,0.376189,-0.261014,1.81,5.3216,0.999879,,,,,
4031,2017,33.064,-0.360975,0.225065,-0.41668,3.25,6.2812,-0.23664,,,,,
4031,2018,27.4009,-0.164901,0.170616,-0.217206,1.95,5.943,-0.100308,,,,,
4031,2019,33.0362,0.209576,0.174417,-0.158576,1.8,6.5905,0.205661,,,,,
4031,2020,30.2126,-0.10585,0.350607,-0.446808,0.0,0.0,-0.122951,,,,,
4031,2021,27.8126,-0.093558,0.235223,-0.245211,0.0,0.0,-0.049839,,,,,
4031,2022,20.5559,-0.263406,0.254817,-0.387697,0.0,0.0,-0.357647,-1.3,,,,
4031,2023,34.0245,0.652194,0.300297,-0.304687,0.0,0.0,0.626913,1.12,,,,
4031,2024,49.0276,0.434995,0.391463,-0.227119,1.0,2.9269,0.247672,1.74,,,,
4031,2025,36.3,-0.255228,0.275416,-0.344015,2.0,4.1034,-0.294134,2.15,,,,
4031,2026,27.18,-0.25575,0.265413,-0.319261,0.0,0.0,-0.402721,,,,,
4040,2015,14.5967,-0.248805,0.405704,-0.449045,1.25,6.4329,-0.350733,,,,,
4040,2016,13.7426,-0.062429,0.423365,-0.435273,0.5,3.4112,0.632751,,,,,
4040,2017,15.6836,0.0739,0.207133,-0.169329,1.0,6.8473,0.122092,,,,,
4040,2018,13.96,-0.138679,0.21342,-0.271548,0.5,3.085,-0.074385,,,,,
4040,2019,17.98,0.286123,0.262549,-0.24026,0.0,0.0,0.257343,,,,,
4040,2020,17.94,-0.00444,0.42013,-0.436159,0.0,0.0,-0.052798,,,,,
4040,2021,20.14,0.141723,0.354498,-0.331034,0.0,0.0,0.153494,,,,,
4040,2022,15.94,-0.204591,0.304098,-0.40898,0.0,0.0,-0.274795,-0.73,,,,
4040,2023,20.74,0.288199,0.258254,-0.228628,0.0,0.0,0.22,-0.28,,,,
4040,2024,20.44,0.008885,0.325646,-0.268953,0.0,0.0,-0.028517,-0.08,,,,
4040,2025,9.59,-0.528978,0.26293,-0.55395,0.0,0.0,-0.532651,0.47,,,,
4040,2026,11.92,0.212614,0.424251,-0.213035,0.0,0.0,-0.107784,,,,,
4050,2015,16.458,0.080486,0.401521,-0.415313,0.0,0.0,-0.070105,,,,,
4050,2016,14.2715,-0.139432,0.45967,-0.510208,0.3857,2.3259,0.474413,,,,,
4050,2017,14.4688,-0.076998,0.26384,-0.2523,0.0,0.0,0.050138,,,,,
4050,2018,14.6245,0.021475,0.370929,-0.248897,0.4286,2.9934,0.17901,,,,,
4050,2019,26.1911,0.795159,0.303789,-0.155689,0.4286,2.9375,0.880005,,,,,
4050,2020,28.6212,0.09651,0.390258,-0.294194,1.2,4.5973,0.060381,,,,,
4050,2021,28.8709,0.030468,0.261252,-0.239656,0.4286,1.5297,0.003832,,,,,
4050,2022,31.7527,0.118028,0.407592,-0.294788,1.2429,4.3762,0.113525,1.0714,,,,
4050,2023,73.0961,1.274053,0.372578,-0.23916,0.4286,1.3333,1.119443,1.64,,,,
4050,2024,63.5,-0.148471,0.42993,-0.480098,1.0,1.341,-0.150712,0.63,,,,
4050,2025,55.5,-0.119048,0.340464,-0.363308,0.0,0.0,-0.239726,0.92,,,,
4050,2026,42.2,-0.249778,0.344997,-0.335106,0.0,0.0,-0.241689,,,,,
4051,2019,3.4999,-0.103557,0.452098,-0.176778,0.0,0.0,,,,,,
4051,2020,7.6695,1.201653,0.479494,-0.282851,0.16,4.5931,1.124446,,,,,
4051,2021,9.7377,0.32397,0.489252,-0.433333,0.175,2.3794,-0.117693,,,,,
4051,2022,5.0422,-0.484941,0.350679,-0.521041,0.245,2.5027,-0.489451,0.215,,,,
4051,2023,5.9354,0.142873,0.242326,-0.238591,0.18,3.4659,0.026827,2.14,,,,
4051,2024,6.0599,0.022558,0.296794,-0.25616,0.18,3.0373,0.000965,0.23,,,,
4051,2025,6.5019,0.066327,0.244166,-0.255162,0.18,2.952,0.032905,0.25,,,,
4051,2026,5.49,-0.148018,0.234822,-0.246715,0.18,2.7934,-0.099255,,,,,
4061,2015,19.7936,-0.221277,0.397994,-0.436747,,,-0.334545,,,,,
4061,2016,15.4581,-0.230597,0.509649,-0.502019,,,0.311162,,,,,
4061,2017,13.6104,-0.129683,0.333528,-0.411825,,,-0.134671,,,,,
4061,2018,13.0155,-0.017687,0.337156,-0.417772,,,0.110769,,,,,
4061,2019,11.4471,-0.095442,0.349444,-0.437677,,,-0.029052,,,,,
4061,2020,38.5501,2.367668,0.667581,-0.561144,,,2.409006,,,,,
4061,2021,34.2342,-0.092222,0.297293,-0.342806,,,-0.099228,,,,,
4061,2022,20.7,-0.392366,0.506153,-0.519797,,,-0.404094,-1.42,,,,
4061,2023,18.2,-0.141509,0.35853,-0.401739,,,-0.1787,0.38,,,,
4061,2024,26.4,0.434783,0.397792,-0.232558,,,0.189189,0.003,,,,
4061,2025,11.45,-0.566288,0.33488,-0.575,,,-0.545635,-0.636,,,,
4061,2026,12.25,0.059689,0.331353,-0.250199,,,-0.243827,,,,,
4070,2015,102.8067,-0.671515,0.418609,-0.764519,0.0,0.0,-0.670608,,,,,
4070,2016,116.912,0.129624,0.606915,-0.446185,0.0,0.0,0.827493,,,,,
4070,2017,82.3385,-0.219771,0.482592,-0.5,0.0,0.0,-0.08874,,,,,
4070,2018,76.8205,-0.079545,0.349671,-0.36629,0.0,0.0,0.0125,,,,,
4070,2019,61.7323,-0.182648,0.25599,-0.340314,0.0,0.0,-0.236674,,,,,
4070,2020,146.4725,1.330392,0.631292,-0.473934,0.0,0.0,1.12357,,,,,
4070,2021,60.9508,-0.571466,0.561905,-0.686492,0.0,0.0,-0.575684,,,,,
4070,2022,30.3543,-0.493944,0.441505,-0.6139,0.0,0.0,-0.48704,,,,,
4070,2023,29.2845,-0.052523,0.43747,-0.364293,0.0,0.0,-0.344882,-5.5772,,,,
4070,2024,26.7714,-0.089074,0.149364,-0.146425,0.0,0.0,-0.063492,-2.4607,,,,
4070,2025,16.3,-0.391141,0.341814,-0.486647,0.0,0.0,-0.45635,-0.42,,,,
4070,2026,21.07,0.294226,0.283386,-0.183673,0.0,0.0,-0.267408,-2.31,,,,
4080,2015,21.1866,-0.006325,0.350954,-0.351976,1.0,4.6901,-0.151741,,,,,
4080,2016,16.961,-0.201827,0.428704,-0.490859,1.0,4.7059,-0.029818,,,,,
4080,2017,12.98,-0.243149,0.238623,-0.389156,1.0,5.8309,-0.208251,,,,,
4080,2018,9.21,-0.280469,0.201739,-0.354103,0.0,0.0,-0.236318,,,,,
4080,2019,9.08,-0.03095,0.175625,-0.17449,0.0,0.0,-0.044211,,,,,
4080,2020,16.4,0.778742,0.449695,-0.320175,0.0,0.0,0.607843,,,,,
4080,2021,19.06,0.194236,0.370072,-0.356747,0.0,0.0,0.197236,,,,,
4080,2022,10.16,-0.463569,0.327687,-0.54628,0.0,0.0,-0.490982,0.08,,,,
4080,2023,12.92,0.225806,0.262464,-0.272069,0.0,0.0,0.196296,-1.05,,,,
4080,2024,13.7,0.053846,0.316783,-0.208115,0.0,0.0,0.010324,-0.03,,,,
4080,2025,8.48,-0.387283,0.262025,-0.458777,0.0,0.0,-0.425474,-0.12,,,,
4080,2026,8.4,-0.007092,0.248224,-0.161184,0.0,0.0,-0.225092,,,,,
4081,2021,24.1536,-0.072271,0.122466,-0.075221,0.0,0.0,,,,,,
4081,2022,14.9441,-0.380303,0.232999,-0.444055,0.625,2.5917,-0.408557,1.43,,,,
4081,2023,14.0024,-0.069875,0.170409,-0.292279,0.0,0.0,-0.063014,0.74,,,,
4081,2024,14.6071,0.051701,0.2502,-0.215124,0.0,0.0,0.073611,1.09,,,,
4081,2025,12.16,-0.163054,0.213023,-0.218134,0.83,5.7127,-0.167529,-1.06,,,,
4081,2026,10.05,-0.176904,0.19655,-0.256,0.0,0.0,-0.24944,,,,,
4090,2015,12.7883,-0.042901,0.313625,-0.367477,1.0418,7.7972,-0.122839,,,,,
4090,2016,14.605,0.121457,0.243763,-0.235341,0.8856,6.7998,0.27929,,,,,
4090,2017,13.0982,-0.105395,0.223479,-0.266023,0.8335,5.6925,-0.098685,,,,,
4090,2018,12.1113,-0.069994,0.153546,-0.199095,0.8856,6.8,-0.017379,,,,,
4090,2019,13.24,0.0968,0.09614,-0.075908,0.9637,7.9832,0.168121,,,,,
4090,2020,13.2907,-0.004168,0.26005,-0.272247,0.4949,3.7079,-0.065198,,,,,
4090,2021,15.7616,0.189852,0.221134,-0.176055,2.3441,17.6959,0.180052,,,,,
4090,2022,12.3218,-0.218239,0.196969,-0.273792,0.0,0.0,-0.23034,0.4532,,,,
4090,2023,13.2585,0.063618,0.191339,-0.2,0.0,0.0,0.011342,0.3386,,,,
4090,2024,20.6852,0.545697,0.276199,-0.228216,0.3386,2.5301,0.449091,0.6668,,,,
4090,2025,16.4441,-0.212694,0.307325,-0.379799,0.3907,1.8705,-0.365569,0.7293,,,,
4090,2026,18.89,0.131816,0.271882,-0.195,0.3386,2.0287,-0.108448,,,,,
4100,2015,61.5777,0.216367,0.359764,-0.430867,2.0602,4.0696,0.12335,,,,,
4100,2016,61.7131,-0.025874,0.244773,-0.236204,2.0602,3.252,0.178609,,,,,
4100,2017,54.3998,-0.116062,0.345854,-0.524758,4.1204,6.6952,-0.111137,,,,,
4100,2018,58.1174,0.081174,0.163501,-0.112455,1.6482,3.0661,0.051688,,,,,
4100,2019,57.6955,-0.002207,0.177338,-0.174074,1.6482,2.8504,0.037388,,,,,
4100,2020,49.5791,-0.125801,0.258416,-0.256308,1.2361,2.1796,-0.105554,,,,,
4100,2021,58.4104,0.194929,0.211327,-0.121884,0.0,0.0,0.210273,,,,,
4100,2022,47.5649,-0.181333,0.23109,-0.334434,0.0,0.0,-0.201561,,,,,
4100,2023,58.3805,0.227385,0.216186,-0.202581,0.8241,1.7325,0.205783,1.6729,,,,
4100,2024,94.2,0.615728,0.314489,-0.204545,1.2361,2.1202,0.615728,2.05,,,,
4100,2025,78.1917,-0.183774,0.306111,-0.385744,1.5,1.5658,-0.238524,2.37,,,,
4100,2026,82.95,0.060188,0.296615,-0.172545,1.5,1.9172,-0.029989,,,,,
4110,2015,2.5375,1.012701,0.45758,-0.346184,0.0189,1.4956,0.637922,,,,,
4110,2016,2.8844,0.127327,0.492233,-0.472355,0.0,0.0,0.528121,,,,,
4110,2017,2.8359,-0.000219,0.234221,-0.203675,0.1257,4.4317,0.025749,,,,,
4110,2018,2.3884,-0.154805,0.274212,-0.358241,0.0,0.0,-0.241214,,,,,
4110,2019,1.8322,-0.230871,0.287986,-0.330335,0.0,0.0,-0.218499,,,,,
4110,2020,2.1936,0.195206,0.453009,-0.412724,0.0,0.0,0.167225,,,,,
4110,2021,2.454,0.131687,0.331732,-0.173019,0.0,0.0,0.120321,-0.032,,,,
4110,2022,2.366,-0.014167,0.245084,-0.191019,0.0,0.0,0.022472,-0.05,,,,
4110,2023,2.12,-0.106992,0.260587,-0.305556,0.0,0.0,-0.097104,-0.023,,,,
4110,2024,3.66,0.71028,0.412263,-0.188725,0.0,0.0,0.759615,-0.094,,,,
4110,2025,1.94,-0.468493,0.362828,-0.521303,0.0,0.0,-0.489474,,,,,
4110,2026,2.02,0.015075,0.257436,-0.149573,0.0,0.0,-0.106195,,,,,
4130,2015,1.3163,0.0,0.0,0.0,,,0.0,,,,,
4130,2016,1.3163,0.0,0.0,0.0,,,0.0,,,,,
4130,2017,2.3206,0.762964,0.899192,-0.314079,,,0.762964,,,,,
4130,2018,2.3089,-0.005042,0.392863,-0.411765,,,0.093259,,,,,
4130,2019,1.679,-0.236702,0.348336,-0.38342,,,-0.183112,,,,,
4130,2020,3.8124,1.236843,0.575018,-0.409745,,,1.270617,,,,,
4130,2021,3.4419,-0.09371,0.334911,-0.356985,,,-0.132678,,,,,
4130,2022,1.5652,-0.547183,0.374921,-0.589286,,,-0.536728,-0.0401,,,,
4130,2023,1.9054,0.153213,0.625698,-0.409091,,,0.104101,0.016,,,,
4130,2024,4.7,1.656397,0.845764,-0.428572,,,1.466654,0.0038,,,,
4130,2025,2.2,-0.541667,0.41715,-0.56875,,,-0.511111,0.0311,,,,
4130,2026,2.25,0.0,0.308961,-0.231707,,,-0.25,,,,,
4140,2015,3.1809,0.009949,0.397791,-0.459424,0.0,0.0,-0.314459,,,,,
4140,2016,2.8522,-0.133724,0.507544,-0.562688,0.0,0.0,0.407055,,,,,
4140,2017,1.2068,-0.585083,0.387534,-0.640212,0.0,0.0,-0.581616,,,,,
4140,2018,3.5173,1.998471,0.661684,-0.56988,0.0,0.0,1.965968,,,,,
4140,2019,2.5992,-0.235981,0.289952,-0.34119,0.0,0.0,-0.213942,,,,,
4140,2020,4.4354,0.693475,0.529775,-0.460972,0.0,0.0,0.719569,,,,,
4140,2021,3.9068,-0.131626,0.381786,-0.45188,0.0,0.0,-0.146702,,,,,
4140,2022,3.1,-0.181533,0.665811,-0.715501,0.0,0.0,-0.241246,-0.153,,,,
4140,2023,2.83,-0.115625,0.273903,-0.338753,0.0,0.0,-0.180897,-0.08,,,,
4140,2024,2.45,-0.128114,0.320333,-0.300326,0.0,0.0,-0.092593,-0.1,,,,
4140,2025,2.26,-0.08871,0.310475,-0.291339,0.0,0.0,-0.08871,-0.13,,,,
4140,2026,2.29,-0.017167,0.377641,-0.265101,0.0,0.0,0.080189,,,,,
4141,2020,55.0335,0.070136,0.571977,-0.207014,0.0,0.0,,,,,,
4141,2021,62.9453,0.167206,0.353812,-0.31388,0.0,0.0,-0.067241,,,,,
4141,2022,41.6802,-0.337834,0.325927,-0.380472,0.4409,0.7005,-0.341486,0.5702,,,,
4141,2023,44.25,0.045435,0.280786,-0.352863,0.0,0.0,0.003617,-1.1934,,,,
4141,2024,38.85,-0.136667,0.311953,-0.281513,0.0,0.0,-0.105869,-0.29,,,,
4141,2025,25.06,-0.356611,0.292904,-0.417157,0.0,0.0,-0.372716,-0.69,,,,
4141,2026,20.16,-0.199365,0.248463,-0.275836,0.0,0.0,-0.348416,,,,,
4150,2015,8.0326,-0.062244,0.310318,-0.348753,0.75,8.7558,-0.168482,,,,,
4150,2016,10.8487,0.360986,0.346995,-0.243124,1.35,16.936,0.471905,,,,,
4150,2017,9.4804,-0.133761,0.15036,-0.265487,0.975,8.9088,-0.112444,,,,,
4150,2018,9.5582,0.014739,0.186586,-0.231961,0.975,10.3511,0.001758,,,,,
4150,2019,11.7527,0.23241,0.179177,-0.129156,1.2,12.5834,0.183709,,,,,
4150,2020,14.3817,0.222064,0.287181,-0.262217,1.0,8.4973,0.176628,,,,,
4150,2021,22.5988,0.586126,0.24912,-0.172338,1.65,11.5808,0.488196,,,,,
4150,2022,16.5866,-0.263138,0.243762,-0.430527,0.75,3.3319,-0.310809,1.69,,,,
4150,2023,19.8705,0.192705,0.22686,-0.142857,0.5,3.0012,0.147221,1.53,,,,
4150,2024,32.6076,0.650386,0.258202,-0.163956,0.75,3.796,0.510816,1.67,,,,
4150,2025,22.085,-0.317629,0.32832,-0.404201,0.5,1.5449,-0.361653,1.3,,,,
4150,2026,15.8,-0.303555,0.272469,-0.322068,0.25,1.102,-0.463556,,,,,
4160,2015,26.896,-0.499875,0.409371,-0.605537,,,-0.516495,,,,,
4160,2016,25.1415,-0.085127,0.511832,-0.530333,,,0.654867,,,,,
4160,2017,20.2678,-0.19385,0.307193,-0.300251,,,-0.171703,,,,,
4160,2018,18.1503,-0.090909,0.28717,-0.362445,,,-0.033989,,,,,
4160,2019,11.5624,-0.361781,0.296146,-0.384727,,,-0.329435,,,,,
4160,2020,11.5624,0.0,0.0,0.0,,,0.0,,,,,
4160,2021,11.5624,0.0,0.0,0.0,,,0.0,,,,,
4160,2022,11.5624,0.0,0.0,0.0,,,0.0,-0.7757,,,,
4160,2023,12.68,0.096659,0.563559,-0.668625,,,0.096659,-1.0,,,,
4160,2024,43.85,2.425781,2.886574,-0.331068,,,2.332067,-1.23,,,,
4160,2025,38.08,-0.140406,0.442557,-0.445026,,,-0.310145,-2.0,,,,
4160,2026,35.66,-0.062073,0.381615,-0.22835,,,-0.202237,,,,,
4161,2021,8.5815,-0.090868,0.13891,-0.174274,0.125,1.3243,,,,,,
4161,2022,4.4146,-0.489295,0.281752,-0.567015,0.155,1.7931,-0.490878,0.1,,,,
4161,2023,5.8241,0.33026,0.311209,-0.226667,0.2,4.5681,0.07135,0.24,,,,
4161,2024,6.2637,0.078971,0.315691,-0.317649,0.2,3.4452,0.010205,0.24,,,,
4161,2025,4.5725,-0.277811,0.249825,-0.312903,0.14,2.2112,-0.282201,0.24,,,,
4161,2026,4.69,0.008197,0.260931,-0.176238,0.04,0.8599,-0.154578,,,,,
4170,2015,12.913,0.104872,0.424761,-0.448899,,,-0.167343,,,,,
4170,2016,10.0091,-0.293869,0.496756,-0.573579,,,0.049654,,,,,
4170,2017,8.241,-0.191176,0.277859,-0.275072,,,-0.186391,,,,,
4170,2018,9.5596,0.145422,0.320361,-0.22676,,,0.032362,,,,,
4170,2019,6.7906,-0.285174,0.250568,-0.387692,,,-0.290767,,,,,
4170,2020,16.4821,1.340425,0.59871,-0.401855,,,1.115385,,,,,
4170,2021,26.3842,0.639534,0.350063,-0.17698,,,0.55553,,,,,
4170,2022,14.4,-0.450339,0.503334,-0.620125,,,-0.462441,-24.0,,,,
4170,2023,12.0,-0.175824,0.311818,-0.432692,,,-0.28401,-0.8,,,,
4170,2024,19.2,0.6,0.371192,-0.265306,,,0.391304,0.11,,,,
4170,2025,11.04,-0.425,0.424981,-0.565164,,,-0.406452,-0.2,,,,
4170,2026,14.42,0.292115,0.380745,-0.203977,,,-0.232979,,,,,
4180,2015,2.5818,-0.294366,0.354688,-0.506898,0.0,0.0,-0.382752,,,,,
4180,2016,2.2503,-0.138158,0.405396,-0.426036,0.0,0.0,0.025039,,,,,
4180,2017,2.1678,-0.092086,0.21366,-0.184452,0.0,0.0,-0.047547,,,,,
4180,2018,1.9823,-0.072361,0.180536,-0.211778,0.15,7.0196,-0.025352,,,,,
4180,2019,2.1871,0.103318,0.145496,-0.095185,0.09,4.5403,0.073606,,,,,
4180,2020,3.4189,0.547084,0.427313,-0.315315,0.04,1.8101,0.426755,,,,,
4180,2021,3.9905,0.196816,0.424064,-0.491157,0.09,2.6992,0.210781,,,,,
4180,2022,2.9133,-0.272616,0.403864,-0.432405,0.0,0.0,-0.299175,-0.12,,,,
4180,2023,3.0751,0.009709,0.294439,-0.418708,0.04,1.3134,-0.023268,0.02,,,,
4180,2024,4.1762,0.345048,0.342881,-0.251111,0.0,0.0,0.345048,0.053,,,,
4180,2025,2.74,-0.348537,0.293761,-0.437829,0.025,0.5944,-0.411044,0.015,,,,
4180,2026,2.43,-0.138298,0.25587,-0.215947,0.0,0.0,-0.255413,,,,,
4190,2015,6.6539,-0.100636,0.250479,-0.341503,0.5707,7.7144,-0.189475,,,,,
4190,2016,5.1476,-0.220628,0.3474,-0.460884,0.5325,8.0623,0.086644,,,,,
4190,2017,6.9087,0.33062,0.208288,-0.113224,0.6225,11.9894,0.206601,,,,,
4190,2018,10.098,0.459634,0.199377,-0.106574,0.7412,10.7146,0.314388,,,,,
4190,2019,11.5704,0.153403,0.15639,-0.153315,0.815,8.1244,0.162643,,,,,
4190,2020,12.7545,0.107689,0.295808,-0.330578,0.77,6.6872,0.121297,,,,,
4190,2021,15.0722,0.181722,0.184752,-0.162158,0.79,6.1939,0.172257,,,,,
4190,2022,11.9984,-0.200693,0.231999,-0.304184,0.77,5.1296,-0.221351,0.81,,,,
4190,2023,13.1536,0.089024,0.181153,-0.189887,0.825,6.8304,0.091916,0.81,,,,
4190,2024,11.3518,-0.139193,0.138136,-0.188565,0.83,6.2939,-0.116571,0.81,,,,
4190,2025,12.2418,0.076704,0.153772,-0.112226,0.86,7.5639,0.058342,0.87,,,,
4190,2026,17.18,0.392488,0.213658,-0.11326,0.67,5.4305,0.322384,,,,,
4191,2019,16.5152,-0.200167,0.686645,-0.335863,0.0,0.0,,,,,,
4191,2020,46.7618,1.86429,0.58716,-0.371308,0.5,3.0626,1.945061,,,,,
4191,2021,34.2016,-0.264475,0.283416,-0.367352,0.5,1.0753,-0.243135,,,,,
4191,2022,22.8221,-0.342056,0.349067,-0.440412,0.5,1.4415,-0.384352,,,,,
4191,2023,27.8925,0.187185,0.272193,-0.32889,1.5,6.3844,0.110866,0.85,,,,
4191,2024,30.2138,0.079576,0.280648,-0.236173,1.0,3.5731,0.046115,1.35,,,,
4191,2025,46.0,0.50789,0.377535,-0.245555,1.0,3.278,0.253571,1.11,,,,
4191,2026,42.42,-0.133932,0.391152,-0.306324,0.0,0.0,-0.059229,1.23,,,,
4200,2015,13.2477,-0.149878,0.342076,-0.400572,0.8,5.1337,-0.243535,,,,,
4200,2016,12.5879,-0.048477,0.362636,-0.376066,0.8,6.0472,0.329111,,,,,
4200,2017,11.4207,-0.108726,0.25354,-0.310273,0.4,3.1216,-0.03587,,,,,
4200,2018,15.9578,0.439063,0.287096,-0.174194,0.5,4.509,0.578956,,,,,
4200,2019,33.5126,1.077612,0.292472,-0.117647,0.6,3.7197,1.295501,,,,,
4200,2020,35.7486,0.075323,0.327824,-0.270454,0.9,2.7072,0.035248,,,,,
4200,2021,46.6072,0.315915,0.233088,-0.158098,0.6,1.6941,0.299744,,,,,
4200,2022,52.8547,0.137453,0.246232,-0.226506,1.125,2.421,0.053607,2.415,,,,
4200,2023,128.594,1.442821,0.384836,-0.200855,1.5,2.8495,1.279761,2.81,,,,
4200,2024,116.8611,-0.111279,0.328566,-0.276837,0.7519,0.5718,-0.024128,3.44,,,,
4200,2025,125.6561,0.073474,0.303389,-0.261184,1.5,1.2814,-0.078129,4.22,,,,
4200,2026,117.9,-0.090868,0.246023,-0.196255,2.0,1.5422,-0.04302,,,,,
4210,2015,57.77,2.599377,0.598576,-0.370352,0.0,0.0,1.917677,,,,,
4210,2016,33.9,-0.409613,0.602033,-0.693252,0.0,0.0,-0.161514,,,,,
4210,2017,59.3,0.791541,0.534157,-0.415441,0.0,0.0,0.847352,,,,,
4210,2018,82.8,0.389262,0.438488,-0.318562,0.0,0.0,0.186246,,,,,
4210,2019,77.7,-0.055893,0.364522,-0.386139,0.0,0.0,-0.079384,,,,,
4210,2020,78.5,0.00641,0.402421,-0.375,0.0,0.0,0.030184,,,,,
4210,2021,196.2,1.564706,0.363353,-0.229232,0.0,0.0,1.571428,,,,,
4210,2022,182.0,-0.052083,0.412182,-0.38963,0.0,0.0,-0.232068,8.11,,,,
4210,2023,171.4,-0.065431,0.309888,-0.359699,0.0,0.0,-0.116495,7.0,,,,
4210,2024,275.0,0.61385,0.426894,-0.37875,0.0,0.0,0.27551,2.52,,,,
4210,2025,124.5,-0.547273,0.398978,-0.581563,0.0,0.0,-0.533708,-4.58,,,,
4210,2026,62.4,-0.504762,0.455901,-0.558594,0.0,0.0,-0.661422,,,,,
4220,2015,28.0269,0.056327,0.492278,-0.496759,,,-0.143046,,,,,
4220,2016,37.1453,0.325348,0.38698,-0.258207,,,0.432749,,,,,
4220,2017,29.3264,-0.215072,0.29618,-0.40404,,,-0.245682,,,,,
4220,2018,17.1323,-0.405263,0.27296,-0.454861,,,-0.412333,,,,,
4220,2019,20.6844,0.207332,0.254133,-0.179091,,,-0.019507,,,,,
4220,2020,19.948,-0.044606,0.374466,-0.378613,,,-0.08631,,,,,
4220,2021,25.8609,0.312088,0.297731,-0.206442,,,0.320797,,,,,
4220,2022,18.0637,-0.318627,0.26434,-0.381317,,,-0.343307,-2.2092,,,,
4220,2023,17.219,-0.054697,0.266314,-0.3,,,-0.023341,-0.4839,,,,
4220,2024,18.9517,0.088309,0.273874,-0.283753,,,0.082921,-2.17,,,,
4220,2025,10.01,-0.471815,0.299823,-0.476564,,,-0.45,-0.02,,,,
4220,2026,9.96,-0.004995,0.385632,-0.21207,,,-0.284996,,,,,
4230,2015,45.6491,-0.315254,0.388502,-0.536273,1.9843,2.9764,-0.428072,,,,,
4230,2016,56.7508,0.238633,0.434733,-0.339045,1.4882,3.2481,0.836594,,,,,
4230,2017,37.9389,-0.333741,0.299682,-0.38457,1.4882,2.6135,-0.27761,,,,,
4230,2018,31.5496,-0.159619,0.252918,-0.320872,0.0,0.0,-0.131148,,,,,
4230,2019,27.7795,-0.096774,0.228524,-0.239506,0.0,0.0,-0.111675,,,,,
4230,2020,44.0901,0.587143,0.454823,-0.356568,0.0,0.0,0.53453,,,,,
4230,2021,41.9074,-0.045208,0.336797,-0.350314,0.0,0.0,-0.184556,,,,,
4230,2022,22.58,-0.463732,0.443513,-0.532867,0.0,0.0,-0.495585,-6.49,,,,
4230,2023,23.7,0.030435,0.277959,-0.294533,0.0,0.0,-0.156584,-1.59,,,,
4230,2024,61.5,1.440476,0.513007,-0.306804,0.0,0.0,1.497969,-2.06,,,,
4230,2025,33.18,-0.473333,0.441628,-0.480507,0.0,0.0,-0.456956,-1.7,,,,
4230,2026,23.55,-0.307353,0.416772,-0.406176,0.0,0.0,-0.476667,,,,,
4240,2015,129.299,-0.280718,0.358307,-0.423585,1.8299,1.0179,-0.353948,,,,,
4240,2016,67.3394,-0.473759,0.52927,-0.688975,0.0,0.0,-0.158665,,,,,
4240,2017,55.6282,-0.182796,0.396686,-0.4341,0.0,0.0,-0.055901,,,,,
4240,2018,40.2573,-0.266667,0.3516,-0.421947,0.0,0.0,-0.269103,,,,,
4240,2019,46.8448,0.16895,0.265903,-0.222305,0.0,0.0,0.185185,,,,,
4240,2020,39.8913,-0.141732,0.485114,-0.494631,0.0,0.0,-0.258503,,,,,
4240,2021,28.4729,-0.311504,0.277622,-0.406107,0.0,0.0,-0.269484,,,,,
4240,2022,15.48,-0.460485,0.346986,-0.489198,0.0,0.0,-0.470614,0.74,,,,
4240,2023,17.62,0.132391,0.392193,-0.264919,0.0,0.0,0.098504,-10.27,,,,
4240,2024,13.22,-0.249716,0.467957,-0.589785,0.0,0.0,-0.250567,-1.77,,,,
4240,2025,19.13,0.384226,0.574929,-0.460174,0.0,0.0,0.242208,-4.4,,,,
4240,2026,17.36,-0.093473,0.444814,-0.370757,0.0,0.0,-0.361765,,,,,
4250,2015,55.5,0.057143,0.395328,-0.407625,,,0.181887,,2015-12-31,total return from auto-adjusted Close,cash per share in listing currency,Yahoo Finance
4250,2016,74.75,0.351229,0.364755,-0.284217,,,0.364132,,2016-12-29,total return from auto-adjusted Close,cash per share in listing currency,Yahoo Finance
4250,2017,59.1,-0.212,0.197729,-0.213333,,,-0.2,,2017-12-31,total return from auto-adjusted Close,cash per share in listing currency,Yahoo Finance
4250,2018,34.4,-0.412969,0.246466,-0.449594,,,-0.388508,,2018-12-31,total return from auto-adjusted Close,cash per share in listing currency,Yahoo Finance
4250,2019,27.15,-0.203812,0.238709,-0.336752,,,-0.256075,,2019-12-31,total return from auto-adjusted Close,cash per share in listing currency,Yahoo Finance
4250,2020,29.1,0.091932,0.429627,-0.360259,,,0.21361,,2020-12-31,total return from auto-adjusted Close,cash per share in listing currency,Yahoo Finance
4250,2021,25.4,-0.119584,0.218785,-0.289511,,,-0.047619,,2021-12-30,total return from auto-adjusted Close,cash per share in listing currency,Yahoo Finance
4250,2022,16.52,-0.360928,0.308215,-0.483625,,,-0.273218,-0.35,2022-12-29,total return from auto-adjusted Close,cash per share in listing currency,Yahoo Finance
4250,2023,22.4,0.357576,0.29142,-0.306383,,,0.370732,0.03,2023-12-31,total return from auto-adjusted Close,cash per share in listing currency,Yahoo Finance
4250,2024,20.56,-0.082143,0.312708,-0.349515,,,-0.055005,0.17,2024-12-31,total return from auto-adjusted Close,cash per share in listing currency,Yahoo Finance
4250,2025,14.78,-0.281827,0.325307,-0.451601,,,-0.270428,2.03,2025-12-31,total return from auto-adjusted Close,cash per share in listing currency,Yahoo Finance
4250,2026,17.8,0.20108,0.277254,-0.161791,,,-0.023438,,2026-09-08,total return from auto-adjusted Close,cash per share in listing currency,Yahoo Finance
4260,2015,15.455,-0.22982,0.317111,-0.380558,0.7286,3.6307,-0.300501,,,,,
4260,2016,14.9466,-0.040655,0.416134,-0.414391,0.8036,5.1577,0.189905,,,,,
4260,2017,14.713,-0.041239,0.263667,-0.286569,0.8036,5.2364,0.102098,,,,,
4260,2018,14.8471,0.03577,0.316122,-0.332265,1.125,7.8483,-0.063211,,,,,
4260,2019,21.8407,0.451763,0.233744,-0.108451,1.5,9.9706,0.357691,,,,,
4260,2020,23.5118,0.0634,0.40106,-0.377202,0.75,3.3921,0.073569,,,,,
4260,2021,30.0255,0.292344,0.23121,-0.139376,1.3875,5.972,0.245893,,,,,
4260,2022,30.6165,-0.000711,0.245593,-0.177958,1.35,4.4063,-0.019292,2.655,,,,
4260,2023,54.7358,0.778052,0.319077,-0.224127,1.5,4.8726,0.667264,2.925,,,,
4260,2024,57.7733,0.030705,0.300505,-0.258763,1.0875,1.9402,0.044912,4.25,,,,
4260,2025,44.9726,-0.234651,0.271954,-0.276004,1.125,1.9145,-0.249958,3.32,,,,
4260,2026,31.56,-0.293141,0.321768,-0.406395,1.25,2.7997,-0.412216,,,,,
4261,2021,35.8927,0.171154,0.325021,-0.264353,0.0,0.0,,,,,,
4261,2022,41.7165,0.158452,0.265499,-0.181287,1.0733,2.9806,0.177728,2.9933,,,,
4261,2023,40.8198,-0.051729,0.277785,-0.341567,1.2133,2.8187,-0.012911,2.2,,,,
4261,2024,48.8408,0.201977,0.29279,-0.210593,1.2867,3.1665,0.194681,2.83,,,,
4261,2025,37.2407,-0.231488,0.250294,-0.286976,1.4933,3.0817,-0.251194,2.79,,,,
4261,2026,21.1,-0.442022,0.228681,-0.465822,0.28,0.7404,-0.508203,,,,,
4270,2015,26.29,0.391005,0.558744,-0.432746,0.0,0.0,0.214319,,,,,
4270,2016,20.15,-0.222308,0.591904,-0.6044,0.0,0.0,0.221212,,,,,
4270,2017,20.22,0.023797,0.4271,-0.347471,0.0,0.0,0.095935,,,,,
4270,2018,16.18,-0.198216,0.29618,-0.366913,0.0,0.0,-0.149317,,,,,
4270,2019,12.98,-0.203681,0.203409,-0.324614,0.0,0.0,-0.222755,,,,,
4270,2020,24.6,0.889401,0.4927,-0.350494,0.0,0.0,0.79562,,,,,
4270,2021,21.96,-0.081172,0.281153,-0.363636,0.0,0.0,-0.08804,,,,,
4270,2022,17.5,-0.200913,0.379985,-0.397541,0.0,0.0,-0.2338,-0.15,,,,
4270,2023,15.56,-0.132664,0.270112,-0.33301,0.0,0.0,-0.13363,-2.21,,,,
4270,2024,12.24,-0.215385,0.272727,-0.328889,0.0,0.0,-0.245376,-3.66,,,,
4270,2025,8.49,-0.325119,0.388849,-0.407817,0.0,0.0,-0.333595,-4.46,,,,
4270,2026,8.16,-0.033175,0.424932,-0.240566,0.0,0.0,-0.262206,,,,,
4280,2015,9.4438,-0.101897,0.356364,-0.359182,0.5,4.755,-0.195075,,,,,
4280,2016,7.4483,-0.21704,0.340759,-0.357188,0.5,5.2559,0.112776,,,,,
4280,2017,5.7463,-0.23337,0.22104,-0.308095,0.38,5.0697,-0.189075,,,,,
4280,2018,5.6364,-0.002724,0.189489,-0.1938,0.96,16.9857,-0.072277,,,,,
4280,2019,5.8092,0.044043,0.20468,-0.219774,0.5,8.9861,-0.1062,,,,,
4280,2020,6.5619,0.113821,0.298726,-0.235751,0.5,8.487,0.099223,,,,,
4280,2021,8.7076,0.33125,0.223432,-0.155172,0.375,5.7331,0.353813,,,,,
4280,2022,6.8282,-0.209574,0.245485,-0.316505,0.21,2.4309,-0.207993,1.88,,,,
4280,2023,6.5416,-0.044465,0.12536,-0.165294,0.28,4.09,-0.069865,0.27,,,,
4280,2024,8.3672,0.270092,0.340837,-0.257861,0.28,4.2503,0.284504,0.33,,,,
4280,2025,7.8332,-0.075411,0.336789,-0.333974,0.28,3.305,-0.218062,0.58,,,,
4280,2026,14.43,0.835214,0.418144,-0.270481,0.21,2.6708,0.894248,,,,,
4290,2015,22.0218,-0.408591,0.374204,-0.472864,0.5054,1.3572,-0.421448,,,,,
4290,2016,13.1289,-0.412175,0.501941,-0.640773,0.7219,3.2323,0.070387,,,,,
4290,2017,13.5471,0.024095,0.2665,-0.208326,0.361,2.7287,0.050421,,,,,
4290,2018,10.2712,-0.223057,0.303798,-0.42956,0.4061,3.0717,-0.207534,,,,,
4290,2019,10.9496,0.053111,0.176285,-0.177027,0.0,0.0,0.035821,,,,,
4290,2020,18.0613,0.628374,0.462551,-0.323077,0.203,1.8306,0.467624,,,,,
4290,2021,18.34,0.046175,0.321291,-0.294322,0.203,1.1582,0.058803,,,,,
4290,2022,13.76,-0.249727,0.262934,-0.320792,0.0,0.0,-0.281087,-0.24,,,,
4290,2023,25.7,0.835714,0.309614,-0.304,0.0,0.0,0.713333,-0.73,,,,
4290,2024,31.85,0.246575,0.424062,-0.377451,0.0,0.0,0.088889,1.25,,,,
4290,2025,19.0,-0.399684,0.355774,-0.486686,0.0,0.0,-0.431988,0.23,,,,
4290,2026,14.56,-0.28802,0.338087,-0.380282,0.0,0.0,-0.450566,,,,,
4291,2018,19.7834,0.131,0.297349,-0.057449,0.0,0.0,,,,,,
4291,2019,26.1986,0.350541,0.249344,-0.165985,1.2,6.186,0.361591,,,,,
4291,2020,47.817,0.8,0.500325,-0.294766,0.0,0.0,0.793814,,,,,
4291,2021,55.88,0.196119,0.264376,-0.166667,0.8,1.7124,0.223242,,,,,
4291,2022,65.5733,0.171513,0.332147,-0.259673,2.0,3.5731,0.069312,1.65,,,,
4291,2023,115.0501,0.77532,0.378627,-0.241436,1.65,2.5461,0.50168,2.37,,,,
4291,2024,201.4236,0.704599,0.384189,-0.260135,2.1,1.7772,0.429132,,,,,
4291,2025,141.193,-0.292118,0.334117,-0.310345,0.0,0.0,-0.213895,3.74,,,,
4291,2026,142.5,0.012074,0.325529,-0.247159,2.5,1.7756,-0.088434,,,,,
4292,2019,25.0554,-0.073668,0.213195,-0.211429,0.0,0.0,,,,,,
4292,2020,34.6178,0.379315,0.41472,-0.225968,1.0,3.9844,0.240188,,,,,
4292,2021,52.877,0.543078,0.309719,-0.185105,2.0,5.8365,0.544236,,,,,
4292,2022,49.7719,-0.073129,0.278952,-0.240822,0.0,0.0,-0.123794,1.68,,,,
4292,2023,66.7876,0.354298,0.310441,-0.244245,1.0,2.0278,0.349624,1.61,,,,
4292,2024,67.5997,-0.005841,0.321333,-0.315283,1.1,1.6177,-0.05864,1.51,,,,
4292,2025,56.0756,-0.168153,0.329331,-0.251605,1.25,1.8543,-0.218206,1.97,,,,
4292,2026,45.5,-0.196846,0.323019,-0.266552,2.25,3.9716,-0.282029,,,,,
4300,2015,5.9373,-0.234568,0.353614,-0.448571,0.0,0.0,-0.400966,,,,,
4300,2016,5.8894,-0.008064,0.47332,-0.363636,0.0,0.0,0.220238,,,,,
4300,2017,13.7707,1.319355,0.447687,-0.236705,0.0,0.0,1.416807,,,,,
4300,2018,9.02,-0.273216,0.405014,-0.411101,0.5,4.0287,-0.039846,,,,,
4300,2019,11.0,0.219512,0.241297,-0.19375,0.0,0.0,0.086957,,,,,
4300,2020,8.66,-0.21982,0.329576,-0.388288,0.0,0.0,-0.119023,,,,,
4300,2021,10.06,0.176608,0.209091,-0.189013,0.0,0.0,0.168409,,,,,
4300,2022,11.62,0.132554,0.421434,-0.356322,0.0,0.0,0.143701,0.41,,,,
4300,2023,14.2,0.217839,0.317327,-0.289308,0.0,0.0,0.199324,0.57,,,,
4300,2024,15.1,0.06338,0.288389,-0.256275,0.0,0.0,0.075499,0.75,,,,
4300,2025,15.94,0.045932,0.352789,-0.370763,0.0,0.0,-0.011166,1.05,,,,
4300,2026,20.84,0.318987,0.34882,-0.175025,0.0,0.0,0.077003,,,,,
4310,2015,15.5,-0.090909,0.522244,-0.564261,,,-0.263658,,,,,
4310,2016,18.1,0.178385,0.442889,-0.36849,,,0.865979,,,,,
4310,2017,12.84,-0.305946,0.265725,-0.494836,,,-0.346565,,,,,
4310,2018,9.1,-0.277778,0.197075,-0.322123,,,-0.266129,,,,,
4310,2019,9.94,0.089912,0.197715,-0.18797,,,0.014286,,,,,
4310,2020,11.88,0.197581,0.339088,-0.278937,,,0.153398,,,,,
4310,2021,16.16,0.395509,0.35057,-0.341739,,,0.385935,,,,,
4310,2022,10.74,-0.341912,0.299188,-0.451512,,,-0.405316,-0.057,,,,
4310,2023,14.02,0.258528,0.281506,-0.251852,,,0.251786,-0.134,,,,
4310,2024,14.9,0.067335,0.280309,-0.278317,,,0.053748,-0.062,,,,
4310,2025,11.42,-0.23765,0.270852,-0.316927,,,-0.277215,-0.103,,,,
4310,2026,19.47,0.65,0.325838,-0.152788,,,0.528257,,,,,
4320,2016,10.4672,-0.010101,0.435266,-0.479901,0.0,0.0,-0.066667,,,,,
4320,2017,11.0546,-0.041667,0.267814,-0.275041,0.0,0.0,0.061538,,,,,
4320,2018,8.3775,-0.209324,0.235175,-0.39643,1.5,14.1575,-0.242174,,,,,
4320,2019,9.7366,0.167135,0.136209,-0.124942,0.75,8.9905,0.152566,,,,,
4320,2020,14.0908,0.430715,0.262534,-0.164678,0.75,7.6153,0.407553,,,,,
4320,2021,16.4808,0.180761,0.238818,-0.268866,0.625,4.4779,0.152203,,,,,
4320,2022,14.6154,-0.115154,0.167248,-0.214595,0.5,3.0271,-0.166007,0.72,,,,
4320,2023,19.3067,0.317584,0.247045,-0.205622,0.5,3.4122,0.186284,0.39,,,,
4320,2024,23.5502,0.152799,0.277505,-0.273333,0.25,1.2238,0.022988,-0.34,,,,
4320,2025,18.1,-0.235235,0.320561,-0.359496,0.5,2.1126,-0.251296,-0.2,,,,
4320,2026,15.09,-0.174056,0.223575,-0.25561,0.0,0.0,-0.258477,,,,,
4321,2019,19.8403,0.201877,0.257453,-0.1,0.9,5.452,,,,,,
4321,2020,17.4165,-0.138419,0.435478,-0.407313,0.5,2.4735,-0.134046,,,,,
4321,2021,16.487,-0.062722,0.246497,-0.234595,1.25,7.1062,-0.02248,,,,,
4321,2022,14.9671,-0.133629,0.179867,-0.181277,1.5,8.6828,-0.109542,1.63,,,,
4321,2023,18.3822,0.232043,0.198847,-0.179028,2.62,17.5602,0.131251,3.19,,,,
4321,2024,20.5405,0.12065,0.22532,-0.217255,1.5,8.1837,0.128273,2.56,,,,
4321,2025,18.88,-0.074872,0.201245,-0.175562,1.125,5.5125,-0.064458,2.67,,,,
4321,2026,16.22,-0.15256,0.201636,-0.212841,0.0,0.0,-0.271993,,,,,
4330,2016,6.6205,0.009091,0.331979,-0.112,0.0,0.0,,,,,,
4330,2017,5.9338,-0.107749,0.318876,-0.393218,0.26,3.9096,-0.138649,,,,,
4330,2018,5.0383,-0.142995,0.133996,-0.170115,0.47,7.9946,-0.104968,,,,,
4330,2019,5.9721,0.185337,0.119849,-0.056252,0.52,10.3209,0.203738,,,,,
4330,2020,5.7068,-0.043326,0.206447,-0.248705,0.45,7.5437,-0.114568,,,,,
4330,2021,7.5526,0.223795,0.152691,-0.092421,0.52,8.4259,0.216639,0.5623,,,,
4330,2022,8.2226,0.08431,0.200305,-0.155239,0.91,12.0001,0.073456,0.5179,,,,
4330,2023,7.7961,-0.054743,0.120524,-0.143294,0.5,6.0624,-0.013947,0.1261,,,,
4330,2024,6.2277,-0.202972,0.199549,-0.256889,0.3,3.8394,-0.169295,-1.0907,,,,
4330,2025,4.8062,-0.206074,0.154191,-0.213977,0.32,5.286,-0.168328,-0.0784,,,,
4330,2026,4.87,0.007182,0.113087,-0.064706,0.16,3.309,-0.071009,,,,,
4331,2017,14.3394,0.623938,0.516224,-0.288048,0.25,2.8313,,,,,,
4331,2018,12.1427,-0.144438,0.30644,-0.286834,0.5,3.5229,-0.049497,,,,,
4331,2019,10.9288,-0.099972,0.16415,-0.170647,0.5,4.1177,-0.055429,,,,,
4331,2020,12.7734,0.174431,0.266375,-0.260401,0.3,2.7583,0.15399,,,,,
4331,2021,20.7071,0.035305,0.399189,-0.375549,0.338,1.6899,0.048434,0.3637,,,,
4331,2022,16.4862,-0.205236,0.271277,-0.36212,0.292,1.4077,-0.193932,0.4826,,,,
4331,2023,15.8827,-0.036607,0.256253,-0.235401,0.3405,2.0654,0.029158,0.6144,,,,
4331,2024,14.5347,-0.081599,0.273177,-0.27175,0.4,2.5275,-0.062628,0.2563,,,,
4331,2025,11.51,-0.215408,0.219907,-0.251005,0.43,2.9311,-0.229618,0.6239,,,,
4331,2026,11.25,-0.040102,0.184259,-0.146623,0.0,0.0,-0.150287,,,,,
4332,2021,6.8586,-0.100112,0.159239,-0.125821,0.0,0.0,,-0.1387,,,,
4332,2022,5.8813,-0.14357,0.134671,-0.176328,0.0,0.0,-0.156212,-0.7349,,,,
4332,2023,5.5812,-0.052402,0.194668,-0.189699,0.0,0.0,-0.052402,0.2084,,,,
4332,2024,5.3667,-0.036958,0.15029,-0.201657,0.33,5.9218,-0.030995,,,,,
4332,2025,4.6571,-0.132221,0.173987,-0.232325,0.24,4.472,-0.17651,,,,,
4332,2026,4.77,0.018072,0.13881,-0.060467,0.3,6.403,-0.032443,,,,,
4333,2023,9.5145,0.067924,0.086251,-0.005435,0.0,0.0,,0.7117,,,,
4333,2024,9.1229,-0.041161,0.154729,-0.148113,0.64,6.7266,-0.051557,0.6376,,,,
4333,2025,9.6508,0.05171,0.130489,-0.100143,0.65,7.0835,0.029837,0.6615,,,,
4333,2026,10.42,0.072313,0.136346,-0.075342,0.53,5.4542,0.120545,,,,,
4334,2017,5.2297,-0.233884,0.218926,-0.279553,0.0,0.0,,,,,,
4334,2018,4.4245,-0.147524,0.125239,-0.210141,0.26,5.0095,-0.105727,,,,,
4334,2019,5.5168,0.2436,0.087909,-0.069142,0.64,14.427,0.216496,,,,,
4334,2020,5.024,-0.089316,0.151936,-0.175017,0.62,11.2384,-0.112589,,,,,
4334,2021,6.0832,0.012429,0.13428,-0.095385,0.0,0.0,0.037037,,,,,
4334,2022,6.3422,0.035643,0.101184,-0.09222,1.01,16.4928,0.01208,0.4597,,,,
4334,2023,7.4812,0.182428,0.105195,-0.044118,0.49,7.7446,0.149353,0.7254,,,,
4334,2024,8.1745,0.096192,0.097672,-0.069736,0.66,8.8505,0.111732,0.6703,,,,
4334,2025,8.1657,-0.001074,0.130231,-0.105889,0.67,8.1962,0.003158,0.5544,,,,
4334,2026,8.8,0.066781,0.111045,-0.045964,0.68,8.2433,0.051423,,,,,
4335,2017,5.7312,-0.104545,0.198179,-0.154545,0.0,0.0,,,,,,
4335,2018,5.2428,-0.081485,0.134255,-0.187387,0.7,12.2636,-0.042441,,,,,
4335,2019,6.4511,0.21985,0.111458,-0.078884,0.63,11.9128,0.228931,,,,,
4335,2020,5.8994,-0.084548,0.211208,-0.247084,0.7,10.8624,-0.086966,,,,,
4335,2021,7.7266,0.082009,0.123502,-0.158234,0.6,8.4022,0.077556,,,,,
4335,2022,7.3285,-0.059123,0.089091,-0.122934,0.6,7.7032,-0.077572,0.12,,,,
4335,2023,4.9723,-0.321504,0.145227,-0.362772,0.27,3.6843,-0.267721,-0.09,,,,
4335,2024,4.2117,-0.158776,0.134461,-0.178111,0.2,3.9947,-0.121086,-0.25,,,,
4335,2025,3.8466,-0.084762,0.184998,-0.171488,0.24,5.7105,-0.037774,-1.25,,,,
4335,2026,3.46,-0.111389,0.151574,-0.211426,0.22,5.6501,-0.15633,,,,,
4336,2018,5.0127,0.015656,0.083078,-0.057914,0.51,10.3334,,,,,,
4336,2019,6.5773,0.313745,0.109037,-0.035147,0.68,13.5822,0.302684,,,,,
4336,2020,5.7296,-0.133281,0.180419,-0.20769,0.49,7.4122,-0.139367,,,,,
4336,2021,7.3031,0.151405,0.107775,-0.046948,0.49,7.7253,0.133713,0.4482,,,,
4336,2022,6.1037,-0.166766,0.127761,-0.250101,0.57,7.7812,-0.184035,-0.0016,,,,
4336,2023,5.0819,-0.169554,0.092881,-0.214405,0.46,7.517,-0.185282,-0.1138,,,,
4336,2024,4.8459,-0.051145,0.112348,-0.118953,0.34,6.6574,-0.060417,0.1459,,,,
4336,2025,4.3854,-0.08151,0.170827,-0.16297,0.32,6.7021,-0.088089,-0.2733,,,,
4336,2026,4.48,0.008464,0.092618,-0.057802,0.24,5.4025,-0.008519,,,,,
4337,2024,3.8347,-0.123894,0.213676,-0.286496,0.0,0.0,,-2.0077,,,,
4337,2025,3.9121,0.02799,0.231623,-0.158898,0.0,0.0,0.004975,-0.0162,,,,
4337,2026,4.55,0.157323,0.245602,-0.150847,0.16,4.0697,0.143244,,,,,
4338,2018,4.8287,-0.132379,0.131203,-0.170393,0.325,5.8396,-0.100459,,,,,
4338,2019,6.4094,0.320549,0.110002,-0.065,0.65,13.3921,0.377044,,,,,
4338,2020,6.2526,-0.034633,0.216614,-0.203053,0.45,6.9478,-0.078775,,,,,
4338,2021,8.625,0.374742,0.216361,-0.199438,0.675,10.7589,0.341323,0.5485,,,,
4338,2022,8.1252,-0.061238,0.19938,-0.212817,0.7,8.0876,-0.112443,0.48,,,,
4338,2023,7.7243,-0.062339,0.134141,-0.207382,0.55,6.6765,-0.053092,0.29,,,,
4338,2024,6.4176,-0.166408,0.157106,-0.18208,0.5,6.4946,-0.115412,0.19,,,,
4338,2025,6.0897,-0.056426,0.145318,-0.108538,0.45,6.9726,-0.074621,0.1337,,,,
4338,2026,7.01,0.140268,0.131825,-0.067176,0.22,3.5786,0.103821,,,,,
4339,2018,5.3428,-0.014188,0.104302,-0.102808,0.4643,8.5668,,,,,,
4339,2019,7.288,0.364571,0.119198,-0.055785,0.748,14.0052,0.383148,,,,,
4339,2020,7.1238,-0.022532,0.213962,-0.191151,0.668,9.1657,-0.082999,,,,,
4339,2021,10.0185,0.193528,0.11242,-0.079193,0.744,8.8634,0.152075,0.4238,,,,
4339,2022,8.3536,-0.159564,0.143765,-0.224638,0.52,5.2316,-0.158228,0.4389,,,,
4339,2023,7.0607,-0.161404,0.117486,-0.213245,0.352,4.1807,-0.130499,0.3746,,,,
4339,2024,5.2732,-0.246768,0.144351,-0.254415,0.277,3.9567,-0.220071,0.138,,,,
4339,2025,4.9589,-0.062782,0.16811,-0.132594,0.348,6.5771,-0.096308,0.0812,,,,
4339,2026,5.3,0.058668,0.151748,-0.069348,0.29,5.7927,0.010464,,,,,
4340,2018,5.2193,-0.13307,0.108589,-0.166005,0.1738,2.8862,,,,,,
4340,2019,6.6417,0.252577,0.125821,-0.070034,0.6301,11.8839,0.236174,,,,,
4340,2020,6.3955,-0.037078,0.123699,-0.171188,0.49,7.3776,-0.069818,,,,,
4340,2021,8.1556,0.158203,0.187394,-0.178947,0.28,3.9764,0.139408,-1.0817,,,,
4340,2022,7.7362,-0.058314,0.149449,-0.252971,0.61,7.4252,-0.07513,0.7007,,,,
4340,2023,7.5743,-0.025912,0.135256,-0.179605,0.73,9.3882,-0.019936,0.2741,,,,
4340,2024,7.5991,0.004411,0.140196,-0.074445,0.545,7.2035,0.010105,0.6794,,,,
4340,2025,7.624,-0.000308,0.095792,-0.064439,0.52,6.8184,-0.001498,0.5348,,,,
4340,2026,8.05,0.045261,0.105994,-0.06235,0.405,5.2588,0.014591,,,,,
4342,2018,5.1926,-0.005828,0.177844,-0.16135,0.46,8.8071,-0.005828,,,,,
4342,2019,7.2295,0.382722,0.178506,-0.075,0.72,13.7708,0.416683,,,,,
4342,2020,8.2568,0.142094,0.257625,-0.254428,0.73,10.0975,0.013868,,,,,
4342,2021,10.8571,0.119095,0.203594,-0.119444,0.78,8.0398,0.103443,0.1762,,,,
4342,2022,9.9192,-0.097235,0.23692,-0.274194,0.8,7.281,-0.144631,0.4163,,,,
4342,2023,10.9608,0.11889,0.210012,-0.138319,0.8,8.1665,0.158916,1.0738,,,,
4342,2024,8.8248,-0.202023,0.21543,-0.214048,0.8,7.2339,-0.182678,0.299,,,,
4342,2025,10.5623,0.199262,0.129613,-0.057168,0.8,9.0834,0.175884,0.3464,,,,
4342,2026,9.6,-0.086195,0.144742,-0.147553,0.6,5.7113,-0.061982,,,,,
4344,2018,4.7292,-0.073014,0.19342,-0.195682,0.305,5.9784,,,,,,
4344,2019,6.3855,0.324508,0.115409,-0.076155,0.6475,13.4308,0.429826,,,,,
4344,2020,5.9853,-0.066956,0.206099,-0.179283,0.72,11.2241,-0.046609,,,,,
4344,2021,8.8204,0.352579,0.269477,-0.208091,0.63,9.6608,0.377572,-0.3016,,,,
4344,2022,7.9705,-0.093334,0.146077,-0.19232,0.5288,6.0152,-0.012411,0.3499,,,,
4344,2023,7.535,-0.06213,0.12498,-0.243101,0.6161,7.6687,-0.06213,0.1795,,,,
4344,2024,7.3834,-0.021752,0.18499,-0.169258,0.52,6.8896,0.002787,0.0771,,,,
4344,2025,6.3283,-0.149594,0.133858,-0.223134,0.5182,6.9643,-0.149594,0.4239,,,,
4344,2026,7.3,0.131595,0.153051,-0.096919,0.4185,6.4873,0.116085,,,,,
4345,2018,5.764,-0.064481,0.318512,-0.110526,0.0,0.0,,,,,,
4345,2019,5.7166,-0.008239,0.172397,-0.159953,0.266,4.6148,-0.002412,,,,,
4345,2020,4.6018,-0.195983,0.173833,-0.225762,0.43,7.5129,-0.180042,,,,,
4345,2021,5.2984,-0.020548,0.21722,-0.270073,0.0,0.0,-0.002789,-0.1259,,,,
4345,2022,3.7583,-0.287672,0.131695,-0.342113,0.2,3.7907,-0.283647,-0.0305,,,,
4345,2023,3.7807,0.005959,0.120809,-0.129344,0.255,6.7849,-0.014161,-0.0866,,,,
4345,2024,4.069,0.078538,0.142589,-0.106268,0.32,8.4821,0.000864,0.0689,,,,
4345,2025,4.2393,0.033121,0.125223,-0.095634,0.35,8.5296,-0.010799,-0.178,,,,
4345,2026,4.68,0.103959,0.144771,-0.075314,0.36,8.492,0.106375,,,,,
4346,2021,6.9378,-0.092758,0.15961,-0.117426,0.05,0.6538,,-1.817,,,,
4346,2022,4.6926,-0.325485,0.133202,-0.353175,0.15,2.1561,-0.319848,0.1868,,,,
4346,2023,4.8598,0.024896,0.10689,-0.11619,0.0,0.0,0.008163,-0.1566,,,,
4346,2024,4.06,-0.16795,0.117532,-0.237192,0.08,1.6395,-0.161185,0.1108,,,,
4346,2025,3.47,-0.141089,0.138503,-0.160098,0.0,0.0,-0.141089,0.0049,,,,
4346,2026,3.32,-0.056818,0.095229,-0.111111,0.0,0.0,-0.121693,,,,,
4347,2018,4.9487,-0.043051,0.26719,-0.141684,0.245,4.7377,,,,,,
4347,2019,6.3143,0.277483,0.187665,-0.061834,0.735,14.8702,0.275957,,,,,
4347,2020,5.526,-0.120377,0.182225,-0.201597,0.3988,6.3481,-0.13885,,,,,
4347,2021,7.0147,0.174849,0.088474,-0.032164,0.64,10.7189,0.152732,0.4015,,,,
4347,2022,7.0393,-0.000602,0.114892,-0.082,0.66,9.3704,-0.012691,0.599,,,,
4347,2023,8.0692,0.135158,0.097126,-0.047022,0.66,9.2848,0.129055,0.6809,,,,
4347,2024,8.6921,0.086059,0.144549,-0.079637,0.67,8.3715,0.080501,0.543,,,,
4347,2025,8.9146,0.029798,0.111405,-0.065041,0.77,8.8949,0.047996,0.6366,,,,
4347,2026,9.89,0.107024,0.106991,-0.049164,0.4,4.4773,0.168085,,,,,
4348,2021,6.3076,-0.092189,0.118392,-0.107895,0.125,1.799,,-0.3285,,,,
4348,2022,5.8758,-0.064149,0.097758,-0.139407,0.5,7.9637,-0.101625,0.3076,,,,
4348,2023,5.0692,-0.138398,0.096969,-0.166739,0.42,7.1386,-0.133845,0.2492,,,,
4348,2024,5.0188,-0.006732,0.095326,-0.107209,0.42,8.3123,-0.058848,0.4208,,,,
4348,2025,5.2337,0.033763,0.090029,-0.063366,0.42,8.2958,0.005777,0.2657,,,,
4348,2026,5.64,0.066061,0.061036,-0.037368,0.315,5.9541,0.050026,,,,,
5110,2015,10.1996,0.075781,0.325883,-0.293948,0.7,7.3831,-0.009236,,,,,
5110,2016,15.1684,0.496678,0.32446,-0.282274,0.7,6.907,0.682012,,,,,
5110,2017,14.6988,-0.035263,0.26559,-0.234615,0.7,4.5944,-0.020019,,,,,
5110,2018,11.2961,-0.21662,0.186469,-0.333521,1.4,9.709,-0.189958,,,,,
5110,2019,15.7357,0.391193,0.231659,-0.09537,0.7,6.1887,0.265935,,,,,
5110,2020,17.2864,0.09854,0.313765,-0.291871,0.7,4.4485,0.117328,,,,,
5110,2021,19.9998,0.162428,0.250423,-0.197279,0.7,4.0685,0.110067,,,,,
5110,2022,19.7826,-0.011686,0.300798,-0.271375,0.7,3.4971,-0.094674,1.79,,,,
5110,2023,16.7339,-0.156299,0.201001,-0.29195,0.7,3.5293,-0.157027,0.62,,,,
5110,2024,15.477,-0.081887,0.207017,-0.183066,0.7,4.1525,-0.07706,-0.46,,,,
5110,2025,13.489,-0.133576,0.180035,-0.167742,0.7,4.4962,-0.129479,0.96,,,,
5110,2026,17.47,0.276956,0.252893,-0.088398,0.7,5.1166,0.148776,,,,,
6001,2015,47.296,-0.102452,0.346602,-0.321112,1.6162,3.067,-0.210354,,,,,
6001,2016,43.3185,-0.112707,0.321154,-0.412238,2.0202,4.138,0.052556,,,,,
6001,2017,37.0532,-0.151477,0.246114,-0.301561,2.0202,4.6263,-0.097316,,,,,
6001,2018,34.5589,-0.069157,0.203073,-0.261168,2.0202,5.4414,-0.09417,,,,,
6001,2019,29.4877,-0.140089,0.207206,-0.341901,0.0,0.0,-0.130405,,,,,
6001,2020,76.7381,1.537319,0.461912,-0.27248,0.8889,2.9391,1.628589,,,,,
6001,2021,88.8364,0.184148,0.348001,-0.331535,1.3333,1.7773,0.083713,,,,,
6001,2022,44.3,-0.492396,0.313743,-0.537827,2.0,2.2917,-0.512591,0.08,,,,
6001,2023,51.0,0.14094,0.341368,-0.394515,0.0,0.0,-0.041353,-2.77,,,,
6001,2024,53.1,0.045276,0.307589,-0.238304,0.0,0.0,0.009506,1.26,,,,
6001,2025,32.02,-0.394707,0.319091,-0.470769,0.0,0.0,-0.416758,1.21,,,,
6001,2026,32.28,-0.001855,0.22827,-0.206033,0.0,0.0,-0.198212,,,,,
6002,2015,57.8112,0.053628,0.307162,-0.32329,2.2143,4.0356,-0.117474,,,,,
6002,2016,46.7011,-0.199343,0.357789,-0.385616,2.1429,3.6738,0.113242,,,,,
6002,2017,40.1546,-0.1564,0.218195,-0.237273,2.0714,4.3518,-0.148366,,,,,
6002,2018,41.4937,0.04811,0.167778,-0.166344,2.1,5.3045,0.059756,,,,,
6002,2019,50.769,0.227572,0.217528,-0.170489,2.1,5.0777,0.158736,,,,,
6002,2020,57.8459,0.143654,0.340199,-0.236285,1.1,2.1748,0.195029,,,,,
6002,2021,61.5248,0.092939,0.265345,-0.192756,1.0,1.7764,0.087315,,,,,
6002,2022,33.9175,-0.446945,0.251809,-0.490854,0.0,0.0,-0.470769,0.05,,,,
6002,2023,32.4,-0.065124,0.229204,-0.262958,0.5,1.4427,-0.097228,0.13,,,,
6002,2024,25.1,-0.23824,0.311757,-0.385523,0.0,0.0,-0.245113,-1.8,,,,
6002,2025,14.79,-0.406024,0.348737,-0.474157,0.0,0.0,-0.426744,-1.2,,,,
6002,2026,15.84,0.046927,0.307759,-0.240162,0.0,0.0,-0.275389,,,,,
6004,2015,86.4608,-0.317465,0.303434,-0.417161,7.0,5.5259,-0.341842,,,,,
6004,2016,76.4764,-0.10772,0.313859,-0.315185,7.0,8.1672,0.170451,,,,,
6004,2017,63.6445,-0.171809,0.194041,-0.222162,5.55,7.2221,0.002547,,,,,
6004,2018,68.4935,0.081576,0.189292,-0.200631,5.55,8.764,0.080225,,,,,
6004,2019,92.5899,0.353476,0.146328,-0.067088,5.45,7.9668,0.291229,,,,,
6004,2020,70.7834,-0.229521,0.276101,-0.317846,1.4,1.5239,-0.220349,,,,,
6004,2021,71.5178,0.002574,0.198617,-0.197518,0.0,0.0,0.011688,,,,,
6004,2022,68.8554,-0.038462,0.247397,-0.278775,0.0,0.0,-0.058971,3.14,,,,
6004,2023,120.271,0.770322,0.316924,-0.237572,1.5,2.2079,0.71921,3.45,,,,
6004,2024,115.8421,-0.039801,0.29336,-0.265029,2.25,1.865,0.076687,4.3,,,,
6004,2025,77.9696,-0.337788,0.255377,-0.429777,2.3,1.9534,-0.373173,3.82,,,,
6004,2026,71.3,-0.102848,0.250658,-0.185319,2.15,2.7053,-0.259307,,,,,
6010,2015,11.3707,0.146187,0.364965,-0.290792,0.1646,1.6596,-0.114826,,,,,
6010,2016,9.5426,-0.163383,0.452059,-0.476546,0.1811,1.5878,0.569388,,,,,
6010,2017,12.9094,0.341615,0.350746,-0.262931,0.0,0.0,0.430464,,,,,
6010,2018,11.734,-0.089644,0.250626,-0.35533,0.0,0.0,-0.018333,,,,,
6010,2019,10.9969,-0.038328,0.186853,-0.211684,0.0,0.0,0.003636,,,,,
6010,2020,14.2482,0.300364,0.378482,-0.261101,0.0,0.0,0.329368,,,,,
6010,2021,14.5111,0.041166,0.285084,-0.285036,0.0,0.0,0.051993,,,,,
6010,2022,9.7633,-0.357862,0.271436,-0.441584,0.0,0.0,-0.37362,0.2917,,,,
6010,2023,27.85,1.81937,0.401591,-0.184643,0.0,0.0,1.543589,1.77,,,,
6010,2024,24.68,-0.127915,0.333891,-0.327298,0.0,0.0,-0.161969,2.57,,,,
6010,2025,18.39,-0.25,0.229351,-0.352415,0.0,0.0,-0.275984,1.31,,,,
6010,2026,15.3,-0.183129,0.248378,-0.2975,0.0,0.0,-0.313901,,,,,
6012,2019,80.9419,-0.148936,0.373175,-0.248341,,,,,,,,
6012,2020,151.766,0.883562,0.495004,-0.360731,,,0.923077,,,,,
6012,2021,92.8992,-0.379416,0.374466,-0.534204,,,-0.41534,,,,,
6012,2022,45.1324,-0.512247,0.380241,-0.552707,,,-0.537531,-3.8171,,,,
6012,2023,58.3609,0.282051,0.299448,-0.216,,,0.12782,-1.95,,,,
6012,2024,47.121,-0.188082,0.344248,-0.364042,,,-0.186567,-4.62,,,,
6012,2025,24.1,-0.48714,0.336613,-0.558304,,,-0.508829,-9.0784,,,,
6012,2026,16.76,-0.302539,0.397668,-0.458472,,,-0.461914,,,,,
6013,2021,282.4,0.90382,0.632243,-0.343478,,,,,,,,
6013,2022,153.8,-0.446763,0.374488,-0.486207,,,-0.461485,-1.07,,,,
6013,2023,136.0,-0.121447,0.391943,-0.465817,,,-0.208382,-1.71,,,,
6013,2024,132.0,-0.029412,0.335252,-0.298851,,,0.018518,0.43,,,,
6013,2025,109.7,-0.167678,0.330338,-0.339385,,,-0.211925,-1.72,,,,
6013,2026,91.1,-0.192376,0.345358,-0.250443,,,-0.30458,,,,,
6020,2015,12.9453,0.120833,0.417555,-0.395918,0.0,0.0,-0.123779,,,,,
6020,2016,8.9992,-0.305865,0.422718,-0.480327,0.0,0.0,0.0141,,,,,
6020,2017,12.84,0.404269,0.709399,-0.307781,0.5,5.4683,0.434469,,,,,
6020,2018,10.8,-0.153605,0.214877,-0.291159,0.0,0.0,-0.121951,,,,,
6020,2019,11.14,0.041122,0.238539,-0.197115,0.0,0.0,0.016423,,,,,
6020,2020,19.36,0.728572,0.484009,-0.326357,0.0,0.0,0.584288,,,,,
6020,2021,23.66,0.254507,0.374881,-0.333534,0.0,0.0,0.227178,,,,,
6020,2022,18.8,-0.194516,0.342577,-0.39375,0.0,0.0,-0.228243,0.235,,,,
6020,2023,18.0,-0.043571,0.355587,-0.469519,0.0,0.0,-0.223469,-0.224,,,,
6020,2024,18.58,0.025386,0.257719,-0.224927,0.0,0.0,0.022002,0.341,,,,
6020,2025,16.4,-0.128587,0.249055,-0.285377,0.0,0.0,-0.175879,0.139,,,,
6020,2026,12.5,-0.242424,0.285667,-0.28,0.0,0.0,-0.314317,,,,,
6040,2015,17.3079,-0.257443,0.374098,-0.423358,0.0,0.0,-0.287363,,,,,
6040,2016,15.2795,-0.125286,0.478586,-0.5,0.6672,3.8197,0.367981,,,,,
6040,2017,17.4814,0.124464,0.283333,-0.192308,0.0,0.0,0.13913,,,,,
6040,2018,13.2511,-0.245441,0.170206,-0.308511,0.0,0.0,-0.176617,,,,,
6040,2019,12.4104,-0.061554,0.240777,-0.348346,0.0,0.0,-0.117647,,,,,
6040,2020,23.2292,0.813253,0.517695,-0.339218,0.0,0.0,0.902429,,,,,
6040,2021,29.9,0.305304,0.449842,-0.335227,0.0,0.0,0.228408,,,,,
6040,2022,15.2,-0.495017,0.404222,-0.589851,0.0,0.0,-0.52795,-1.3138,,,,
6040,2023,17.26,0.097964,0.278747,-0.307307,0.0,0.0,0.01889,2.1,,,,
6040,2024,15.1,-0.130184,0.261681,-0.298095,0.0,0.0,-0.115925,-3.68,,,,
6040,2025,7.63,-0.498686,0.288301,-0.551345,0.0,0.0,-0.520126,-2.45,,,,
6040,2026,9.09,0.19135,0.486922,-0.271357,0.0,0.0,-0.118332,,,,,
6050,2015,237.8701,-0.402583,0.468173,-0.625948,,,-0.482748,,,,,
6050,2016,204.2245,-0.145667,0.510137,-0.467238,,,0.394183,,,,,
6050,2017,166.3289,-0.185558,0.375078,-0.379667,,,-0.135821,,,,,
6050,2018,219.4469,0.348574,0.488777,-0.562205,,,0.431488,,,,,
6050,2019,139.4315,-0.303221,0.313933,-0.465659,,,-0.262963,,,,,
6050,2020,327.8307,1.375066,0.638785,-0.405607,,,1.351196,,,,,
6050,2021,271.6993,-0.151119,0.301645,-0.291667,,,-0.154275,,,,,
6050,2022,160.631,-0.40944,0.396208,-0.481781,,,-0.425214,-9.4348,,,,
6050,2023,145.7025,-0.112727,0.291801,-0.358422,,,-0.167235,-17.91,,,,
6050,2024,131.0128,-0.116747,0.433458,-0.345515,,,-0.085071,-6.12,,,,
6050,2025,59.35,-0.547815,0.359059,-0.61007,,,-0.593994,-3.78,,,,
6050,2026,71.9,0.211458,0.581607,-0.420334,,,-0.235513,,,,,
6060,2015,21.0364,-0.249932,0.409955,-0.435829,,,-0.410374,,,,,
6060,2016,16.9039,-0.214539,0.530957,-0.593972,,,0.172268,,,,,
6060,2017,17.5336,0.044318,0.377355,-0.325792,,,0.107229,,,,,
6060,2018,19.8421,0.137856,0.348106,-0.34589,,,0.185861,,,,,
6060,2019,19.6132,-0.011539,0.276748,-0.318018,,,-0.035647,,,,,
6060,2020,36.1355,0.810708,0.566822,-0.430164,,,0.655594,,,,,
6060,2021,36.0974,-0.051154,0.355573,-0.362126,,,-0.136861,,,,,
6060,2022,18.8882,-0.476191,0.385431,-0.555351,,,-0.532136,-0.1625,,,,
6060,2023,18.6,-0.044219,0.329058,-0.425095,,,-0.153736,-0.008,,,,
6060,2024,19.62,0.055974,0.354254,-0.298361,,,0.021875,-0.139,,,,
6060,2025,13.8,-0.30303,0.3005,-0.410167,,,-0.346591,-0.276,,,,
6060,2026,14.72,0.046942,0.348827,-0.197315,,,-0.143688,,,,,
6070,2015,24.8091,-0.17511,0.277148,-0.338209,1.0,3.325,-0.279747,,,,,
6070,2016,27.0578,0.098548,0.436787,-0.42145,1.0,4.06,0.896815,,,,,
6070,2017,24.2912,-0.09966,0.253424,-0.33378,1.0,3.7064,-0.086497,,,,,
6070,2018,18.0072,-0.241136,0.256784,-0.395211,1.0,4.2142,-0.262355,,,,,
6070,2019,19.8963,0.121524,0.216278,-0.165282,1.5,8.4553,0.019045,,,,,
6070,2020,33.8486,0.693694,0.452544,-0.331073,1.0,5.0037,0.6862,,,,,
6070,2021,54.2179,0.612763,0.470474,-0.449746,0.25,0.7436,0.516883,,,,,
6070,2022,41.6286,-0.233511,0.302428,-0.353281,0.5,0.9206,-0.270901,1.7,,,,
6070,2023,46.423,0.081084,0.281014,-0.247795,0.5,1.1644,0.042392,2.07,,,,
6070,2024,57.7194,0.23202,0.342216,-0.241519,1.25,2.6681,0.232101,2.51,,,,
6070,2025,43.306,-0.247189,0.215895,-0.300189,1.2,2.086,-0.220958,2.71,,,,
6070,2026,39.76,-0.088986,0.213468,-0.278187,0.35,0.8019,-0.133471,,,,,
6090,2015,17.16,0.187543,0.379908,-0.411765,0.0,0.0,0.009412,,,,,
6090,2016,11.1,-0.362801,0.446362,-0.56085,0.0,0.0,-0.051282,,,,,
6090,2017,17.02,0.454701,0.288829,-0.15015,1.0,8.547,0.454701,,,,,
6090,2018,14.8,-0.107358,0.225776,-0.270947,0.0,0.0,-0.147465,,,,,
6090,2019,11.7,-0.204082,0.206512,-0.319728,0.0,0.0,-0.155844,,,,,
6090,2020,16.64,0.400673,0.396448,-0.2848,0.0,0.0,0.368421,,,,,
6090,2021,19.24,0.178922,0.344513,-0.29781,0.0,0.0,-0.002075,,,,,
6090,2022,12.28,-0.360417,0.275025,-0.442512,0.0,0.0,-0.386,0.21,,,,
6090,2023,15.28,0.232258,0.240319,-0.205736,0.0,0.0,0.19375,-0.64,,,,
6090,2024,13.3,-0.125,0.295678,-0.370935,0.0,0.0,-0.109772,-3.06,,,,
6090,2025,7.94,-0.404798,0.247996,-0.443066,0.0,0.0,-0.400302,0.06,,,,
6090,2026,8.15,-0.018072,0.344212,-0.159645,0.0,0.0,-0.238318,,,,,
7010,2015,15.2634,0.097704,0.27575,-0.2273,1.6,11.5068,0.097704,,,,,
7010,2016,17.2663,0.147827,0.237894,-0.203405,1.6,10.6365,0.304507,,,,,
7010,2017,17.2975,0.001807,0.169942,-0.141679,1.6,9.2666,0.096316,,,,,
7010,2018,24.2725,0.411472,0.220965,-0.170562,1.6,9.3042,0.318663,,,,,
7010,2019,28.4317,0.175195,0.231231,-0.196431,2.4,9.9201,0.081794,,,,,
7010,2020,30.8872,0.097142,0.21042,-0.251479,1.6,5.6833,0.230166,,,,,
7010,2021,34.0823,0.103444,0.223886,-0.219028,2.0,6.4752,0.033261,,,,,
7010,2022,28.8102,-0.1471,0.199181,-0.24142,1.6,4.7367,-0.208225,2.44,,,,
7010,2023,33.1289,0.131356,0.195756,-0.220654,1.6,5.464,0.123803,2.67,,,,
7010,2024,35.0522,0.058054,0.184435,-0.111419,2.6,7.8481,0.012924,4.95,,,,
7010,2025,41.3721,0.165729,0.155577,-0.091275,4.2,11.8342,0.114806,2.97,,,,
7010,2026,44.72,0.081424,0.113291,-0.071362,1.65,3.99,0.053797,,,,,
7020,2015,23.1872,-0.362838,0.408327,-0.563547,0.0,0.0,-0.263281,,,,,
7020,2016,19.671,-0.15493,0.37118,-0.465517,0.0,0.0,0.142313,,,,,
7020,2017,12.1304,-0.385892,0.262412,-0.46281,0.0,0.0,-0.31954,,,,,
7020,2018,13.5894,0.029814,0.327692,-0.255179,0.0,0.0,0.062821,,,,,
7020,2019,20.4906,0.502404,0.261148,-0.188082,0.0,0.0,0.450116,,,,,
7020,2020,23.4822,0.114786,0.35234,-0.309352,0.0,0.0,0.101923,,,,,
7020,2021,25.9284,0.092727,0.158015,-0.139501,0.5,2.1072,0.102245,,,,,
7020,2022,29.5797,0.146343,0.303916,-0.262075,0.85,3.2941,0.108787,2.15,,,,
7020,2023,42.8993,0.446136,0.283577,-0.165657,1.15,3.8767,0.401887,2.9,,,,
7020,2024,48.8529,0.117145,0.227453,-0.129464,2.35,5.3739,0.086717,4.03,,,,
7020,2025,62.968,0.274609,0.295307,-0.125019,2.5,5.0605,0.182627,4.51,,,,
7020,2026,66.9,0.058434,0.188871,-0.138439,3.0,4.7463,0.035,,,,,
7030,2015,11.6261,0.277863,0.74581,-0.323887,0.0,0.0,0.146575,,,,,
7030,2016,11.5288,-0.008363,0.439054,-0.338112,0.0,0.0,0.38796,,,,,
7030,2017,10.1815,-0.122156,0.304668,-0.466063,0.0,0.0,-0.167046,,,,,
7030,2018,7.122,-0.301444,0.472587,-0.573428,0.0,0.0,-0.268559,,,,,
7030,2019,10.1104,0.438726,0.319523,-0.237693,0.0,0.0,0.259657,,,,,
7030,2020,11.5057,0.136074,0.434008,-0.343512,0.0,0.0,0.067111,,,,,
7030,2021,10.1859,-0.106825,0.171484,-0.219608,0.0,0.0,-0.122449,,,,,
7030,2022,8.5108,-0.163062,0.265012,-0.297753,0.0,0.0,-0.180782,0.61,,,,
7030,2023,12.3478,0.44223,0.294695,-0.185894,0.5,5.84,0.38476,1.41,,,,
7030,2024,9.3987,-0.248442,0.20147,-0.289697,0.5,3.9982,-0.202588,0.66,,,,
7030,2025,9.9366,0.053126,0.266278,-0.208138,0.5,5.2992,0.049052,0.67,,,,
7030,2026,10.31,0.030659,0.197325,-0.125,0.5,4.9983,-0.061412,,,,,
7040,2015,8.6574,-0.192593,0.387207,-0.391304,0.0,0.0,-0.31875,,,,,
7040,2016,4.6861,-0.462659,0.373947,-0.471767,0.0,0.0,-0.241645,,,,,
7040,2017,11.6915,1.494916,1.546897,-0.39899,0.0,0.0,1.07324,,,,,
7040,2018,8.4986,-0.269126,0.325291,-0.315574,0.0,0.0,-0.108333,,,,,
7040,2019,8.4986,0.0,0.0,0.0,0.0,0.0,0.0,,,,,
7040,2020,8.4986,-0.0,0.0,-0.0,0.0,0.0,-0.0,,,,,
7040,2021,22.533,1.651386,0.527495,-0.448391,0.0,0.0,1.651386,,,,,
7040,2022,14.1776,-0.388486,1.440732,-0.589709,0.0,0.0,0.380882,,,,,
7040,2023,51.2147,2.570526,0.534156,-0.217033,0.0,0.0,1.32967,1.43,,,,
7040,2024,108.7096,1.147955,0.527869,-0.3464,0.3,0.5928,0.876941,6.43,,,,
7040,2025,90.5,-0.169031,0.323825,-0.252244,0.3,0.2755,-0.105111,6.46,,,,
7040,2026,87.5,-0.034216,0.278724,-0.179929,0.0,0.0,-0.195032,7.62,,,,
7200,2019,20.3984,-0.040203,0.2694,-0.261144,0.5333,2.5095,,,,,,
7200,2020,57.4745,1.755535,0.433288,-0.292035,1.2,5.7532,1.676642,,,,,
7200,2021,115.1203,0.990564,0.399957,-0.218037,1.5667,2.7089,0.893541,,,,,
7200,2022,86.6799,-0.30149,0.339587,-0.414485,2.0333,1.6386,-0.270187,3.2,,,,
7200,2023,129.2287,0.490873,0.333615,-0.294458,2.7,3.1149,0.467258,0.47,,,,
7200,2024,154.8844,0.167622,0.327713,-0.224054,0.0,0.0,0.193265,4.06,,,,
7200,2025,172.4751,0.110847,0.267596,-0.239902,5.6,3.6067,0.184806,3.2,,,,
7200,2026,293.0,0.708616,0.359019,-0.187912,1.8,1.0497,1.081357,,,,,
7201,2020,8.55,2.042705,0.616826,-0.2151,,,,,,,,
7201,2021,19.6,1.319527,0.420219,-0.309231,,,1.21219,,,,,
7201,2022,6.4,-0.668737,0.471843,-0.70439,,,-0.665971,-0.1,,,,
7201,2023,7.02,0.060423,0.358457,-0.416856,,,-0.064,-0.09,,,,
7201,2024,6.54,-0.069701,0.339074,-0.256098,,,-0.123324,-0.24,,,,
7201,2025,4.14,-0.377444,0.272546,-0.428152,,,-0.383929,-0.2,,,,
7201,2026,3.78,-0.091346,0.29143,-0.264237,,,-0.305147,,,,,
8010,2015,47.9653,0.574329,0.444069,-0.358328,0.9667,3.1728,0.018099,,,,,
8010,2016,66.3974,0.371985,0.393252,-0.237726,0.6667,1.3776,0.45671,,,,,
8010,2017,74.7903,0.129012,0.265824,-0.146435,2.6667,4.0255,0.108485,,,,,
8010,2018,47.7739,-0.353698,0.385326,-0.497382,0.0,0.0,-0.216883,,,,,
8010,2019,60.7671,0.271973,0.255489,-0.141534,0.0,0.0,0.24513,,,,,
8010,2020,63.144,0.044561,0.371641,-0.331677,0.0,0.0,0.069799,,,,,
8010,2021,62.0406,-0.011272,0.242757,-0.249499,0.6667,1.0625,-0.011272,,,,,
8010,2022,64.4421,0.032051,0.325858,-0.342995,0.0,0.0,0.040052,2.01,,,,
8010,2023,126.0906,0.981261,0.359086,-0.175,0.8333,1.3094,0.963968,4.11,,,,
8010,2024,143.9894,0.109568,0.334891,-0.253555,1.0,0.7706,0.174424,6.82,,,,
8010,2025,115.4379,-0.200456,0.295693,-0.275362,1.5,1.0389,-0.241458,7.37,,,,
8010,2026,136.5,0.170449,0.340041,-0.225318,2.0,1.7149,0.036308,,,,,
8012,2015,20.6971,-0.485846,0.382842,-0.522462,0.0,0.0,-0.46528,,,,,
8012,2016,18.8934,-0.111083,0.467505,-0.46226,0.3566,1.6775,0.378564,,,,,
8012,2017,17.5631,-0.09456,0.295683,-0.241281,0.3566,1.8382,-0.14717,,,,,
8012,2018,11.5964,-0.329945,0.25697,-0.421125,0.4992,2.8843,-0.279224,,,,,
8012,2019,11.742,0.00226,0.190083,-0.23583,0.0,0.0,-0.001126,,,,,
8012,2020,16.746,0.435868,0.414801,-0.364693,0.0,0.0,0.369048,,,,,
8012,2021,15.5008,-0.053406,0.217497,-0.289548,0.0,0.0,-0.070685,,,,,
8012,2022,11.3703,-0.274432,0.246123,-0.322917,0.0,0.0,-0.285019,0.58,,,,
8012,2023,15.7792,0.38587,0.256911,-0.210646,0.0,0.0,0.227437,0.67,,,,
8012,2024,15.546,-0.028494,0.272333,-0.234617,0.3,1.8748,-0.017091,0.56,,,,
8012,2025,10.8014,-0.315187,0.20508,-0.365966,0.3,1.902,-0.324889,0.6,,,,
8012,2026,11.52,0.033233,0.249839,-0.134895,0.4,3.5876,-0.076498,,,,,
8020,2015,34.0997,-0.300962,0.489122,-0.501586,,,-0.367826,,,,,
8020,2016,13.6024,-0.616402,0.732613,-0.67813,,,-0.333333,,,,,
8020,2017,15.82,0.169757,0.446663,-0.257212,,,0.204571,,,,,
8020,2018,12.22,-0.224619,0.344593,-0.491264,,,-0.369453,,,,,
8020,2019,10.06,-0.172697,0.228032,-0.321486,,,-0.147458,,,,,
8020,2020,24.08,1.393638,0.498239,-0.347938,,,1.090278,,,,,
8020,2021,22.76,-0.010435,0.330979,-0.367908,,,-0.005245,,,,,
8020,2022,11.04,-0.54493,0.400948,-0.626998,,,-0.598545,-0.83,,,,
8020,2023,17.42,0.52807,0.408496,-0.397239,,,0.352484,0.76,,,,
8020,2024,16.42,-0.067045,0.334448,-0.351718,,,-0.067045,0.54,,,,
8020,2025,9.35,-0.44012,0.30289,-0.517052,,,-0.438101,0.43,,,,
8020,2026,10.25,0.075551,0.320486,-0.204546,,,-0.23048,,,,,
8030,2015,52.2246,-0.462222,0.52682,-0.669597,0.0,0.0,-0.477371,,,,,
8030,2016,50.667,-0.068644,0.552484,-0.517075,0.0,0.0,0.574344,,,,,
8030,2017,20.7923,-0.586567,0.427548,-0.636177,0.0,0.0,-0.575479,,,,,
8030,2018,15.5021,-0.240723,0.452117,-0.424025,0.0,0.0,-0.051775,,,,,
8030,2019,15.3105,-0.012361,0.273533,-0.227483,0.0,0.0,0.047182,,,,,
8030,2020,22.7262,0.453431,0.517057,-0.393939,0.0,0.0,0.039439,,,,,
8030,2021,17.18,-0.22038,0.247112,-0.274492,0.0,0.0,-0.22038,,,,,
8030,2022,8.62,-0.501157,0.317255,-0.573958,0.0,0.0,-0.516274,-3.78,,,,
8030,2023,14.4,0.612542,0.381327,-0.236236,0.0,0.0,0.535181,1.92,,,,
8030,2024,26.05,0.809028,0.504356,-0.450935,0.0,0.0,0.884949,0.97,,,,
8030,2025,11.57,-0.563396,0.354303,-0.62089,0.0,0.0,-0.573063,0.3,,,,
8030,2026,16.99,0.390344,0.366831,-0.17596,0.0,0.0,0.003544,,,,,
8040,2015,23.5947,0.158989,0.469329,-0.468908,,,-0.085144,,,,,
8040,2016,18.6425,-0.225101,0.436381,-0.600487,,,-0.060789,,,,,
8040,2017,19.7004,0.043939,0.316034,-0.323651,,,-0.225843,,,,,
8040,2018,17.1842,-0.123907,0.354618,-0.442759,,,-0.118768,,,,,
8040,2019,15.9547,-0.071547,0.317083,-0.2864,,,-0.076159,,,,,
8040,2020,23.32,0.469536,0.510843,-0.408108,,,0.391796,,,,,
8040,2021,25.85,0.123913,0.242888,-0.235772,,,0.031936,,,,,
8040,2022,13.1,-0.484252,0.329005,-0.555556,,,-0.5,0.14,,,,
8040,2023,17.3,0.32263,0.233313,-0.184322,,,0.28529,0.62,,,,
8040,2024,15.32,-0.117512,0.316963,-0.345422,,,-0.159166,0.26,,,,
8040,2025,11.1,-0.279221,0.34402,-0.457261,,,-0.310559,0.13,,,,
8040,2026,13.48,0.211141,0.43682,-0.281463,,,-0.037143,,,,,
8050,2015,21.4525,-0.211153,0.430117,-0.40146,,,-0.309131,,,,,
8050,2016,20.1424,-0.06535,0.544711,-0.584896,,,0.270661,,,,,
8050,2017,40.6779,0.963636,0.397908,-0.200608,,,0.58722,,,,,
8050,2018,25.743,-0.350413,0.394925,-0.598784,,,-0.49372,,,,,
8050,2019,19.6512,-0.245283,0.285253,-0.433294,,,-0.274486,,,,,
8050,2020,40.5469,1.070234,0.498849,-0.288235,,,0.987159,,,,,
8050,2021,27.8391,-0.291667,0.256466,-0.424055,,,-0.321357,,,,,
8050,2022,8.4893,-0.702069,0.530495,-0.740417,,,-0.724548,-2.1028,,,,
8050,2023,19.4,1.278198,0.454901,-0.184627,,,1.313794,2.68,,,,
8050,2024,18.24,-0.106758,0.534373,-0.534262,,,-0.139623,1.23,,,,
8050,2025,9.3,-0.534535,0.365398,-0.598492,,,-0.517635,-3.05,,,,
8050,2026,8.83,-0.038126,0.322432,-0.256716,,,-0.286176,,,,,
8060,2015,7.8847,-0.379018,0.43849,-0.525978,0.0,0.0,-0.453633,,,,,
8060,2016,16.2482,1.012579,0.543789,-0.36478,0.0,0.0,1.871795,,,,,
8060,2017,23.4293,0.345833,0.32999,-0.161972,0.0,0.0,0.196296,,,,,
8060,2018,17.2347,-0.250473,0.32157,-0.469463,0.0,0.0,-0.345455,,,,,
8060,2019,16.7,-0.031024,0.289306,-0.384834,0.8362,4.8517,-0.084432,,,,,
8060,2020,21.92,0.304762,0.418628,-0.464211,0.0,0.0,0.184865,,,,,
8060,2021,18.98,-0.124539,0.224527,-0.288975,0.0,0.0,-0.121296,,,,,
8060,2022,14.46,-0.242932,0.345658,-0.373737,0.0,0.0,-0.234921,-0.8278,,,,
8060,2023,18.96,0.311203,0.269414,-0.158111,0.0,0.0,0.295082,1.45,,,,
8060,2024,19.36,0.005192,0.462705,-0.48655,0.0,0.0,0.076752,0.62,,,,
8060,2025,10.2,-0.478528,0.331094,-0.605169,0.0,0.0,-0.571788,-1.38,,,,
8060,2026,11.21,0.082046,0.339432,-0.237201,0.0,0.0,-0.063492,,,,,
8070,2015,12.7775,-0.294933,0.436977,-0.477188,0.0,0.0,-0.389376,,,,,
8070,2016,19.4755,0.466521,0.513202,-0.36936,0.0,0.0,1.013993,,,,,
8070,2017,20.975,0.082364,0.405843,-0.448196,1.0,5.1603,-0.254887,,,,,
8070,2018,13.8,-0.341289,0.328907,-0.538788,0.0,0.0,-0.427979,,,,,
8070,2019,12.99,-0.065804,0.272516,-0.348381,0.0,0.0,-0.053552,,,,,
8070,2020,18.15,0.390805,0.449074,-0.406318,0.0,0.0,0.367232,,,,,
8070,2021,25.3,0.423347,0.290547,-0.151653,0.0,0.0,0.20908,,,,,
8070,2022,15.7,-0.38189,0.310681,-0.385827,0.0,0.0,-0.322107,-0.29,,,,
8070,2023,18.36,0.160556,0.242839,-0.242208,0.0,0.0,0.133333,1.01,,,,
8070,2024,19.2,0.025641,0.278856,-0.265041,0.0,0.0,0.033369,0.89,,,,
8070,2025,10.87,-0.435618,0.276195,-0.509346,0.0,0.0,-0.4565,-0.55,,,,
8070,2026,12.25,0.100629,0.275218,-0.153219,0.0,0.0,-0.116162,,,,,
8100,2015,14.8333,-0.025538,0.457723,-0.472441,,,-0.247707,,,,,
8100,2016,15.7083,0.042589,0.479165,-0.319559,,,0.380952,,,,,
8100,2017,14.8333,-0.070496,0.322257,-0.292111,,,-0.224401,,,,,
8100,2018,11.52,-0.220744,0.26158,-0.413463,,,-0.272421,,,,,
8100,2019,11.96,0.005042,0.227235,-0.194631,,,0.052817,,,,,
8100,2020,20.6,0.760684,0.416445,-0.321546,,,0.785095,,,,,
8100,2021,21.94,0.112576,0.240065,-0.147876,,,0.045758,,,,,
8100,2022,11.92,-0.457689,0.356777,-0.518041,,,-0.458182,-2.05,,,,
8100,2023,15.02,0.237232,0.236492,-0.179592,,,0.251667,2.37,,,,
8100,2024,15.64,0.027595,0.375199,-0.353472,,,-0.0225,1.64,,,,
8100,2025,11.08,-0.306633,0.317449,-0.441969,,,-0.308365,0.74,,,,
8100,2026,10.72,-0.051327,0.348467,-0.302152,,,-0.234832,,,,,
8120,2015,10.3397,-0.317183,0.393394,-0.463007,,,-0.417308,,,,,
8120,2016,9.6401,-0.080553,0.548695,-0.467477,,,0.456186,,,,,
8120,2017,14.4175,0.456897,0.587349,-0.230769,,,0.220217,,,,,
8120,2018,11.9094,-0.164072,0.323298,-0.411638,,,-0.195853,,,,,
8120,2019,11.0051,-0.118853,0.302549,-0.361386,,,-0.077253,,,,,
8120,2020,17.4034,0.552512,0.505978,-0.352239,,,0.550152,,,,,
8120,2021,14.1104,-0.151795,0.294598,-0.298861,,,-0.168844,,,,,
8120,2022,8.52,-0.406242,0.342867,-0.450495,,,-0.382755,-0.47,,,,
8120,2023,16.24,0.89057,0.308586,-0.182944,,,0.806452,2.72,,,,
8120,2024,15.58,-0.04884,0.368686,-0.420635,,,0.018301,0.95,,,,
8120,2025,10.52,-0.338365,0.235236,-0.409245,,,-0.370813,-1.82,,,,
8120,2026,14.58,0.37159,0.303825,-0.167707,,,0.041429,,,,,
8150,2015,15.2339,-0.172947,0.474201,-0.646099,,,-0.370588,,,,,
8150,2016,13.4364,-0.133678,0.498228,-0.399885,,,0.387868,,,,,
8150,2017,17.3517,0.27451,0.335167,-0.311953,,,0.196319,,,,,
8150,2018,16.5508,-0.039256,0.282283,-0.266977,,,0.020856,,,,,
8150,2019,16.7288,0.017316,0.297526,-0.370184,,,-0.19105,,,,,
8150,2020,39.3963,1.35,0.439028,-0.194107,,,1.130607,,,,,
8150,2021,23.6,-0.376122,0.281881,-0.538849,,,-0.328218,,,,,
8150,2022,10.8,-0.524648,0.308612,-0.53081,,,-0.485714,-0.82,,,,
8150,2023,13.74,0.265193,0.323986,-0.356732,,,0.220249,2.18,,,,
8150,2024,13.46,-0.031655,0.370535,-0.422535,,,-0.037196,-0.57,,,,
8150,2025,7.66,-0.461322,0.459721,-0.591463,,,-0.478912,-1.42,,,,
8150,2026,8.36,0.034653,0.392253,-0.291358,,,-0.239308,,,,,
8160,2015,6.7889,-0.416755,0.450221,-0.606419,,,-0.527644,,,,,
8160,2016,10.2286,0.486842,0.661766,-0.403922,,,1.077206,,,,,
8160,2017,15.189,0.452814,0.342727,-0.187702,,,0.157241,,,,,
8160,2018,14.7545,-0.023952,0.264028,-0.24537,,,-0.080135,,,,,
8160,2019,16.0399,0.087117,0.357247,-0.293996,,,0.003397,,,,,
8160,2020,17.0899,0.091329,0.436331,-0.458763,,,0.172671,,,,,
8160,2021,35.8001,1.126344,0.331003,-0.144231,,,1.14247,,,,,
8160,2022,10.0,-0.716004,0.396166,-0.724503,,,-0.708126,0.21,,,,
8160,2023,15.16,0.512974,0.232033,-0.196744,,,0.471845,1.14,,,,
8160,2024,13.4,-0.123037,0.271941,-0.306636,,,-0.107856,0.57,,,,
8160,2025,9.28,-0.315634,0.224163,-0.334538,,,-0.31361,-0.85,,,,
8160,2026,8.89,-0.04818,0.232255,-0.168912,,,-0.204118,,,,,
8170,2015,10.9643,-0.381035,0.455823,-0.593187,0.0,0.0,-0.47335,,,,,
8170,2016,8.7297,-0.227129,0.554695,-0.614691,0.0,0.0,0.472103,,,,,
8170,2017,9.9361,0.081441,0.352569,-0.250216,0.0,0.0,-0.001534,,,,,
8170,2018,12.7765,0.297828,0.282808,-0.242857,0.0,0.0,0.107679,,,,,
8170,2019,10.8838,-0.148135,0.213571,-0.325813,0.0,0.0,-0.163138,,,,,
8170,2020,18.1989,0.667571,0.400534,-0.299611,0.0,0.0,0.656334,,,,,
8170,2021,14.7043,-0.185398,0.188757,-0.269759,0.0,0.0,-0.2056,,,,,
8170,2022,12.5941,-0.146084,0.300852,-0.344859,0.0,0.0,-0.142641,0.252,,,,
8170,2023,15.3262,0.226667,0.290301,-0.181314,0.0,0.0,0.109771,1.88,,,,
8170,2024,16.6532,0.088953,0.36172,-0.320359,0.6,3.9234,0.053381,0.98,,,,
8170,2025,7.96,-0.529584,0.300734,-0.578836,0.6,3.5458,-0.541007,-4.89,,,,
8170,2026,8.14,0.00123,0.415808,-0.325554,0.0,0.0,-0.277087,,,,,
8180,2015,50.257,0.166161,0.419984,-0.467973,0.5886,1.3657,-0.037115,,,,,
8180,2016,66.6413,0.210264,0.582214,-0.4,2.3543,4.2756,0.720168,,,,,
8180,2017,43.1137,-0.3563,0.30635,-0.482222,2.3543,3.515,-0.362705,,,,,
8180,2018,35.3143,-0.177557,0.293315,-0.421833,0.8829,2.0561,-0.199467,,,,,
8180,2019,28.8,-0.187097,0.228187,-0.309524,0.0,0.0,-0.162791,,,,,
8180,2020,44.5143,0.512621,0.44606,-0.31216,0.0,0.0,0.458802,,,,,
8180,2021,50.9143,0.16623,0.307036,-0.284314,0.0,0.0,0.054438,,,,,
8180,2022,14.04,-0.727303,0.391551,-0.765646,0.0,0.0,-0.698528,-2.5181,,,,
8180,2023,25.25,0.800999,0.463344,-0.29304,0.0,0.0,0.672185,1.99,,,,
8180,2024,17.54,-0.310805,0.583057,-0.539749,0.0,0.0,-0.278189,1.26,,,,
8180,2025,9.68,-0.465784,0.349518,-0.52167,0.0,0.0,-0.47046,-2.34,,,,
8180,2026,11.46,0.157576,0.318412,-0.16381,0.0,0.0,-0.123183,,,,,
8190,2015,14.896,-0.22664,0.386832,-0.390368,0.0,0.0,-0.300375,,,,,
8190,2016,15.9862,0.057536,0.602811,-0.408428,0.0,0.0,0.553571,,,,,
8190,2017,15.876,-0.087324,0.331409,-0.300306,0.0,0.0,-0.182334,,,,,
8190,2018,11.88,-0.247052,0.320141,-0.400641,0.0,0.0,-0.269732,,,,,
8190,2019,9.11,-0.243356,0.24429,-0.397516,0.0,0.0,-0.249588,,,,,
8190,2020,17.1,0.842673,0.436608,-0.358974,0.0,0.0,0.693069,,,,,
8190,2021,33.95,1.006501,0.315944,-0.186909,0.0,0.0,0.550228,,,,,
8190,2022,7.2,-0.78635,0.488993,-0.795115,0.0,0.0,-0.779141,-1.39,,,,
8190,2023,8.74,0.182679,0.299756,-0.244037,0.0,0.0,0.111959,0.13,,,,
8190,2024,8.92,0.026467,0.360652,-0.36963,0.0,0.0,0.00905,-0.38,,,,
8190,2025,3.72,-0.589404,0.341425,-0.674664,0.0,0.0,-0.606349,-6.41,,,,
8190,2026,3.5,-0.086162,0.391219,-0.295,0.0,0.0,-0.357798,,,,,
8200,2015,5.5556,-0.205556,0.330586,-0.421399,,,-0.288557,,,,,
8200,2016,4.7009,-0.165517,0.453074,-0.433121,,,0.106033,,,,,
8200,2017,5.9596,0.2272,0.337484,-0.325967,,,0.050685,,,,,
8200,2018,4.972,-0.142225,0.250724,-0.368475,,,-0.171039,,,,,
8200,2019,5.8531,0.175727,0.251197,-0.157058,,,0.138311,,,,,
8200,2020,9.5161,0.613661,0.407482,-0.34381,,,0.491124,,,,,
8200,2021,11.4923,0.227151,0.276092,-0.164286,,,0.285915,,,,,
8200,2022,9.4846,-0.205336,0.302452,-0.346154,,,-0.238042,0.5885,,,,
8200,2023,12.8769,0.351744,0.297289,-0.226341,,,0.268759,1.4,,,,
8200,2024,37.3154,1.867021,0.414123,-0.164261,,,1.347561,5.33,,,,
8200,2025,26.82,-0.291773,0.448319,-0.416345,,,-0.336644,0.84,,,,
8200,2026,26.22,-0.036029,0.359601,-0.290159,,,-0.222633,,,,,
8210,2015,50.1816,0.357991,0.39315,-0.320609,0.0,0.0,0.30963,,,,,
8210,2016,58.2628,0.068268,0.385923,-0.307542,1.0667,1.9558,0.242333,,,,,
8210,2017,41.7264,-0.28109,0.241241,-0.309892,0.8,1.3783,-0.265675,,,,,
8210,2018,55.6859,0.350521,0.319932,-0.243534,1.0667,2.5869,0.479296,,,,,
8210,2019,71.4991,0.285558,0.234042,-0.112735,1.2,2.1576,0.235174,,,,,
8210,2020,85.3241,0.205128,0.295644,-0.228571,0.0,0.0,0.186408,,,,,
8210,2021,94.1925,0.122307,0.274944,-0.224852,2.72,3.2409,0.153002,,,,,
8210,2022,132.5949,0.429459,0.346658,-0.174725,3.6,3.881,0.311858,5.39,,,,
8210,2023,200.6638,0.504987,0.344016,-0.130776,3.6,2.7,0.476398,6.29,,,,
8210,2024,197.7231,-0.01925,0.338777,-0.340998,4.0,1.9841,-0.059603,7.79,,,,
8210,2025,135.7233,-0.302791,0.302547,-0.341412,4.0,2.0548,-0.267571,7.23,,,,
8210,2026,155.7,0.130101,0.340789,-0.1895,4.0,2.9033,0.00787,,,,,
8230,2015,4.45,-0.044214,10.325426,-0.916108,,,-0.201761,,,,,
8230,2016,7.72,0.661644,0.52531,-0.32059,,,1.179559,,,,,
8230,2017,11.82,0.535065,0.310797,-0.164706,,,0.377622,,,,,
8230,2018,13.38,0.13198,0.388368,-0.403917,,,-0.097166,,,,,
8230,2019,12.7,-0.056464,0.294704,-0.367666,,,-0.056464,,,,,
8230,2020,16.18,0.284127,0.38312,-0.338346,,,0.262091,,,,,
8230,2021,15.54,-0.032379,0.228522,-0.275187,,,-0.106897,,,,,
8230,2022,17.9,0.140127,0.397286,-0.273684,,,0.109046,0.36,,,,
8230,2023,35.5,0.972222,0.353727,-0.19883,,,0.778557,1.64,,,,
8230,2024,85.8,1.406732,0.484196,-0.294533,,,1.64,1.66,,,,
8230,2025,38.9,-0.54662,0.312509,-0.599462,,,-0.565363,2.275,,,,
8230,2026,55.35,0.373449,0.421786,-0.220046,,,-0.0775,,,,,
8240,2015,13.6075,0.036762,0.464235,-0.391553,,,-0.15284,,,,,
8240,2016,11.225,-0.192155,0.489979,-0.561893,,,0.260528,,,,,
8240,2017,11.82,0.032314,0.357173,-0.292573,,,-0.072941,,,,,
8240,2018,9.1,-0.218213,0.268496,-0.38189,,,-0.234007,,,,,
8240,2019,11.6,0.259501,0.388583,-0.353901,,,0.239316,,,,,
8240,2020,16.225,0.386752,0.452983,-0.387819,,,0.392704,,,,,
8240,2021,27.4125,0.729495,0.340279,-0.151996,,,0.450397,,,,,
8240,2022,11.625,-0.577657,0.351345,-0.588556,,,-0.544118,0.315,,,,
8240,2023,18.75,0.560549,0.289198,-0.207895,,,0.445087,0.83,,,,
8240,2024,37.125,0.8,0.505198,-0.402538,,,0.373093,0.41,,,,
8240,2025,20.96,-0.437693,0.465853,-0.57151,,,-0.522279,0.27,,,,
8240,2026,18.43,-0.115643,0.382632,-0.356456,,,-0.413524,,,,,
8250,2015,11.8192,-0.209919,0.47748,-0.466547,0.0,0.0,-0.269587,,,,,
8250,2016,12.173,0.00939,0.495807,-0.472349,0.0,0.0,0.559384,,,,,
8250,2017,14.0131,0.147826,0.337238,-0.286598,0.0,0.0,0.036649,,,,,
8250,2018,16.2637,0.185759,0.346638,-0.385666,0.0,0.0,-0.134463,,,,,
8250,2019,20.9175,0.296296,0.301174,-0.151291,0.0,0.0,0.327743,,,,,
8250,2020,28.0734,0.339587,0.446919,-0.383881,0.0,0.0,0.115625,,,,,
8250,2021,25.9502,-0.065156,0.23169,-0.273243,0.0,0.0,-0.069111,,,,,
8250,2022,19.9588,-0.233204,0.315465,-0.375746,0.9524,3.6589,-0.26003,0.3,,,,
8250,2023,22.7791,0.138525,0.26936,-0.216326,0.4762,2.3801,0.024672,2.45,,,,
8250,2024,28.9402,0.25379,0.376952,-0.309639,1.5,6.4985,-0.018693,1.87,,,,
8250,2025,20.4747,-0.28118,0.227449,-0.326343,1.2,4.2129,-0.30887,2.4,,,,
8250,2026,32.2,0.528351,0.308098,-0.129373,1.2,5.6957,0.26882,,,,,
8260,2015,19.8206,-0.231579,0.417788,-0.514454,,,-0.36125,,,,,
8260,2016,15.5636,-0.218978,0.549858,-0.501217,,,0.460419,,,,,
8260,2017,16.097,0.027864,0.315752,-0.272088,,,-0.107527,,,,,
8260,2018,12.8582,-0.215385,0.266399,-0.365342,,,-0.228172,,,,,
8260,2019,11.9273,-0.087537,0.332756,-0.242647,,,-0.066768,,,,,
8260,2020,24.1067,1.008078,0.494442,-0.333591,,,0.991987,,,,,
8260,2021,21.0667,-0.112541,0.32292,-0.403409,,,-0.129607,,,,,
8260,2022,11.35,-0.467969,0.308954,-0.496112,,,-0.444535,-3.5333,,,,
8260,2023,13.1667,0.149927,0.274262,-0.240217,,,0.028646,0.12,,,,
8260,2024,10.38,-0.21857,0.347408,-0.411137,,,-0.198456,-3.14,,,,
8260,2025,3.93,-0.625,0.358789,-0.710317,,,-0.647849,-4.02,,,,
8260,2026,4.26,0.059702,0.327612,-0.171296,,,-0.153082,,,,,
8280,2015,59.25,-0.027751,0.63411,-0.613646,,,-0.059524,,,,,
8280,2016,24.6,-0.59285,0.512639,-0.741807,,,-0.174497,,,,,
8280,2017,24.2,-0.026157,0.32043,-0.31619,,,-0.123188,,,,,
8280,2018,31.9,0.363248,0.382591,-0.244156,,,0.438233,,,,,
8280,2019,18.58,-0.418466,0.277674,-0.528469,,,-0.442042,,,,,
8280,2020,25.05,0.328208,0.496191,-0.421937,,,0.276758,,,,,
8280,2021,22.84,-0.059308,0.294108,-0.340116,,,-0.133207,,,,,
8280,2022,11.4,-0.516949,0.35427,-0.535473,,,-0.512821,-1.07,,,,
8280,2023,17.68,0.52677,0.307086,-0.203426,,,0.392126,0.28,,,,
8280,2024,17.04,-0.054384,0.335704,-0.28021,,,-0.136778,0.82,,,,
8280,2025,10.9,-0.37212,0.330944,-0.434066,,,-0.389698,0.67,,,,
8280,2026,15.3,0.36974,0.389703,-0.195597,,,0.164384,,,,,
8300,2015,26.2223,0.008437,0.462988,-0.442686,,,-0.139467,,,,,
8300,2016,17.3988,-0.346213,0.473436,-0.584858,,,-0.005964,,,,,
8300,2017,18.2257,0.035714,0.35204,-0.278098,,,-0.206052,,,,,
8300,2018,15.6655,-0.142029,0.307214,-0.360393,,,-0.2067,,,,,
8300,2019,12.1064,-0.227848,0.236259,-0.352653,,,-0.217949,,,,,
8300,2020,30.4313,1.513661,0.611951,-0.347243,,,1.342159,,,,,
8300,2021,26.9913,-0.083146,0.289586,-0.246296,,,-0.117838,,,,,
8300,2022,13.54,-0.49897,0.380541,-0.535234,,,-0.485752,-0.74,,,,
8300,2023,18.26,0.323188,0.263354,-0.203629,,,0.155696,2.11,,,,
8300,2024,24.52,0.325405,0.414302,-0.377515,,,0.205506,2.58,,,,
8300,2025,12.72,-0.510769,0.290495,-0.540672,,,-0.495238,0.93,,,,
8300,2026,14.95,0.15444,0.398947,-0.243754,,,-0.079433,,,,,
8310,2015,10.2804,-0.447651,0.479795,-0.508869,,,-0.48882,,,,,
8310,2016,10.5552,0.023002,0.669165,-0.575507,,,0.559041,,,,,
8310,2017,27.7059,1.624852,1.256532,-0.291694,,,1.478212,,,,,
8310,2018,27.4311,0.014787,0.54041,-0.450172,,,0.011982,,,,,
8310,2019,22.2645,-0.25734,0.462992,-0.528913,,,-0.343852,,,,,
8310,2020,68.5842,2.085548,0.621781,-0.299837,,,2.116611,,,,,
8310,2021,34.4,-0.481684,0.454011,-0.657763,,,-0.545526,,,,,
8310,2022,9.13,-0.743539,0.620269,-0.777446,,,-0.712893,-1.7,,,,
8310,2023,13.08,0.434211,0.317589,-0.225266,,,0.344296,0.59,,,,
8310,2024,10.6,-0.188361,0.344976,-0.391331,,,-0.123967,0.28,,,,
8310,2025,6.05,-0.434579,0.288319,-0.510345,,,-0.457885,-0.31,,,,
8310,2026,7.9,0.301483,0.438016,-0.203008,,,-0.005038,,,,,
8311,2015,35.482,-0.366031,0.398375,-0.567692,,,-0.458958,,,,,
8311,2016,34.3926,-0.030704,1.206762,-0.644792,,,0.259781,,,,,
8311,2017,39.0922,0.119266,0.367284,-0.294391,,,0.054755,,,,,
8311,2018,41.9791,0.091747,0.563663,-0.619289,,,0.059948,,,,,
8311,2019,24.0864,-0.427885,0.431029,-0.639269,,,-0.201342,,,,,
8311,2020,34.9151,0.42798,0.546727,-0.35468,,,0.44958,,,,,
8311,2021,31.4742,-0.074405,0.449137,-0.520548,,,-0.168449,,,,,
8311,2022,8.98,-0.730297,0.569832,-0.75253,,,-0.706184,-0.4263,,,,
8311,2023,15.3,0.679473,0.397184,-0.238439,,,0.607143,0.7982,,,,
8311,2024,12.66,-0.19568,0.393041,-0.442164,,,-0.188462,-1.0522,,,,
8311,2025,6.94,-0.46118,0.316756,-0.504478,,,-0.462015,-0.263,,,,
8311,2026,11.37,0.587989,0.526818,-0.292181,,,0.23587,,,,,
